"drksId","trialStatus","registrationDrks","registrationType","lastUpdate","sponsored","url","umc"
"DRKS00009758","UPDATED","2016-06-16","RETROSPECTIVE","2019-06-19",TRUE,,"Duisburg-Essen;Münster"
"DRKS00010738","UPDATED","2016-07-15","PROSPECTIVE","2023-02-08",TRUE,"http://hodokort-studie.hno.org/","Halle-Wittenberg"
"DRKS00007102","UPDATED","2015-08-26","RETROSPECTIVE","2019-09-12",TRUE,,"Freiburg"
"DRKS00010783","UPDATED","2016-11-22","PROSPECTIVE","2023-01-31",TRUE,"","Freiburg"
"DRKS00021447","UPDATED","2020-04-27","PROSPECTIVE","2022-11-18",TRUE,,"Charite"
"DRKS00009790","UPDATED","2015-12-29","RETROSPECTIVE","2020-10-21",TRUE,,"Freiburg"
"DRKS00010771","UPDATED","2016-06-30","PROSPECTIVE","2023-11-17",TRUE,"http://www.psychotherapie.uni-wuerzburg.de/forschung/adipositas-nachsorge.html","Würzburg"
"DRKS00019105","REGISTERED","2019-11-08","RETROSPECTIVE","2019-11-08",TRUE,"http://www.iknd.ovgu.de/Team/%C3%84rtze+_+Wissenschaftliche+Mitarbeiter+der+AG+D%C3%BCzel/Autonomie+im+Alter.html","Magdeburg"
"DRKS00022788","UPDATED","2021-03-01","RETROSPECTIVE","2022-10-21",TRUE,"https://www.aml-bfm.de/studienuebersicht/aml-bfm-2012/","Duisburg-Essen"
"DRKS00009780","UPDATED","2016-02-10","PROSPECTIVE","2020-03-16",FALSE,,"Schleswig-Holstein"
"DRKS00007125","UPDATED","2015-05-19","PROSPECTIVE","2023-01-24",TRUE,"","Freiburg"
"DRKS00021419","UPDATED","2020-08-21","PROSPECTIVE","2024-02-15",TRUE,"","München_LMU"
"DRKS00021420","UPDATED","2020-04-16","RETROSPECTIVE","2024-11-11",TRUE,"","München_TU"
"DRKS00021436","UPDATED","2020-04-17","PROSPECTIVE","2025-03-10",TRUE,"","Schleswig-Holstein"
"DRKS00021487","UPDATED","2020-07-28","RETROSPECTIVE","2023-08-22",TRUE,"","Hannover"
"DRKS00021499","REGISTERED","2020-04-28","RETROSPECTIVE","2020-04-28",TRUE,,"Giessen"
"DRKS00021495","UPDATED","2020-07-13","PROSPECTIVE","2023-07-11",TRUE,"","Bonn"
"DRKS00021460","UPDATED","2020-05-04","RETROSPECTIVE","2024-01-08",TRUE,"","Bonn"
"DRKS00021475","UPDATED","2020-05-11","RETROSPECTIVE","2023-08-25",TRUE,"","Hannover"
"DRKS00019077","UPDATED","2020-01-02","RETROSPECTIVE","2021-01-14",TRUE,,"Charite"
"DRKS00019092","UPDATED","2019-11-13","RETROSPECTIVE","2021-11-08",TRUE,,"Freiburg"
"DRKS00010811","UPDATED","2017-06-27","RETROSPECTIVE","2021-08-31",TRUE,,"Köln"
"DRKS00009822","UPDATED","2016-01-13","PROSPECTIVE","2021-04-29",TRUE,,"Marburg"
"DRKS00009854","UPDATED","2016-05-23","PROSPECTIVE","2021-07-15",TRUE,,"Köln"
"DRKS00010836","UPDATED","2016-07-25","PROSPECTIVE","2022-11-18",TRUE,,"Freiburg"
"DRKS00021519","REGISTERED","2021-03-16","RETROSPECTIVE","2021-03-16",TRUE,,"Homburg"
"DRKS00009862","UPDATED","2016-04-18","PROSPECTIVE","2022-11-04",TRUE,,"Köln"
"DRKS00008537","UPDATED","2015-05-08","PROSPECTIVE","2021-07-23",TRUE,,"München_LMU"
"DRKS00021527","UPDATED","2020-04-24","RETROSPECTIVE","2022-12-13",TRUE,"","Leipzig"
"DRKS00022861","UPDATED","2020-08-13","RETROSPECTIVE","2021-10-04",TRUE,,"Ulm"
"DRKS00022862","UPDATED","2020-08-24","PROSPECTIVE","2021-09-27",TRUE,,"Heidelberg"
"DRKS00021533","UPDATED","2020-04-24","RETROSPECTIVE","2023-01-03",TRUE,"","Aachen"
"DRKS00022866","UPDATED","2020-08-14","PROSPECTIVE","2023-02-03",TRUE,"","München_LMU;Tübingen"
"DRKS00009894","UPDATED","2016-11-07","PROSPECTIVE","2023-07-06",TRUE,"","Freiburg"
"DRKS00010880","UPDATED","2016-08-09","PROSPECTIVE","2023-02-07",TRUE,"","München_TU"
"DRKS00008562","UPDATED","2015-06-29","RETROSPECTIVE","2020-01-07",TRUE,,"Hamburg"
"DRKS00019207","UPDATED","2019-12-23","RETROSPECTIVE","2022-08-12",TRUE,,"Charite"
"DRKS00019203","UPDATED","2019-10-30","PROSPECTIVE","2022-01-11",TRUE,"https://www.uk-essen.de/clinical_neurosciences_bingel/studies/","Duisburg-Essen"
"DRKS00020237","UPDATED","2020-01-07","RETROSPECTIVE","2023-05-15",FALSE,"keine","Bochum"
"DRKS00019225","UPDATED","2019-11-18","RETROSPECTIVE","2020-10-27",TRUE,,"Hannover"
"DRKS00021573","UPDATED","2020-04-27","PROSPECTIVE","2022-08-02",TRUE,,"Heidelberg"
"DRKS00020240","UPDATED","2020-01-07","RETROSPECTIVE","2023-07-17",FALSE,"n/a","Homburg"
"DRKS00020211","UPDATED","2019-12-05","RETROSPECTIVE","2023-01-12",TRUE,"","Witten/Herdecke"
"DRKS00033531","REGISTERED","2024-02-08","RETROSPECTIVE","2024-02-08",TRUE,"","Hamburg"
"DRKS00020217","REGISTERED","2019-12-19","RETROSPECTIVE","2019-12-19",FALSE,"Keine Internetseite vorhanden","München_LMU"
"DRKS00022881","UPDATED","2020-09-07","PROSPECTIVE","2021-03-03",TRUE,"https://geriatrie.charite.de/forschung/ag_alter_technik/beware/","Charite"
"DRKS00022880","UPDATED","2021-05-03","RETROSPECTIVE","2022-08-22",TRUE,"https://geriatrie.charite.de/forschung/ag_alter_technik/beware/","Charite"
"DRKS00020284","UPDATED","2020-01-29","PROSPECTIVE","2023-06-29",TRUE,"keine","Bochum"
"DRKS00020267","UPDATED","2020-10-16","RETROSPECTIVE","2022-08-01",TRUE,,"Regensburg"
"DRKS00019197","UPDATED","2020-02-13","RETROSPECTIVE","2020-04-14",TRUE,,"Freiburg"
"DRKS00019190","UPDATED","2019-12-23","PROSPECTIVE","2024-07-19",TRUE,"","Magdeburg"
"DRKS00033492","REGISTERED","2024-02-16","RETROSPECTIVE","2024-02-16",TRUE,"","Freiburg"
"DRKS00010800","UPDATED","2016-07-18","PROSPECTIVE","2023-01-03",TRUE,"","Freiburg"
"DRKS00009815","UPDATED","2016-01-11","RETROSPECTIVE","2019-12-06",TRUE,,"Heidelberg"
"DRKS00009804","UPDATED","2016-06-09","PROSPECTIVE","2022-02-10",TRUE,,"München_LMU"
"DRKS00009809","UPDATED","2016-01-12","PROSPECTIVE","2024-05-27",TRUE,"","Ulm"
"DRKS00023822","UPDATED","2020-12-21","RETROSPECTIVE","2022-08-18",TRUE,"https://www.allgemeinmedizin.uni-wuerzburg.de/forschung/covid-projekte/covid-schnellteststudie/","Würzburg"
"DRKS00011827","UPDATED","2017-03-22","RETROSPECTIVE","2020-10-22",TRUE,,"München_LMU"
"DRKS00009501","UPDATED","2018-03-27","RETROSPECTIVE","2023-02-06",TRUE,"","Hamburg"
"DRKS00008202","UPDATED","2015-08-04","RETROSPECTIVE","2020-09-29",TRUE,"http://www.klinikum.uni-heidelberg.de/Olweus-Mobbing-Praeventionsprogramm.138068.0.html","Heidelberg"
"DRKS00008209","UPDATED","2015-05-26","PROSPECTIVE","2019-10-31",TRUE,,"Schleswig-Holstein"
"DRKS00009528","UPDATED","2015-10-15","PROSPECTIVE","2024-07-03",TRUE,"","Erlangen"
"DRKS00009554","UPDATED","2015-10-21","PROSPECTIVE","2021-02-15",TRUE,,"Hamburg"
"DRKS00011876","UPDATED","2018-06-07","RETROSPECTIVE","2022-09-14",TRUE,,"Köln"
"DRKS00011869","UPDATED","2017-03-29","PROSPECTIVE","2019-09-24",TRUE,,"München_LMU"
"DRKS00022547","UPDATED","2020-08-06","PROSPECTIVE","2024-05-16",TRUE,"","Heidelberg"
"DRKS00011887","UPDATED","2017-03-17","RETROSPECTIVE","2024-01-05",FALSE,"","Tübingen"
"DRKS00011886","UPDATED","2017-05-31","PROSPECTIVE","2024-06-27",TRUE,"","Dresden"
"DRKS00010583","UPDATED","2016-07-07","PROSPECTIVE","2024-03-12",TRUE,"","Freiburg"
"DRKS00010580","UPDATED","2016-07-11","PROSPECTIVE","2023-02-07",TRUE,"","Köln"
"DRKS00021248","UPDATED","2020-05-22","PROSPECTIVE","2021-04-28",TRUE,,"Freiburg"
"DRKS00010574","UPDATED","2021-11-16","RETROSPECTIVE","2024-01-08",TRUE,"","Ulm"
"DRKS00021257","UPDATED","2020-04-08","RETROSPECTIVE","2021-07-26",TRUE,,"Giessen"
"DRKS00035862","REGISTERED","2025-01-10","RETROSPECTIVE","2025-01-10",TRUE,"","Charite"
"DRKS00034528","REGISTERED","2024-06-27","RETROSPECTIVE","2024-06-27",TRUE,"","Bonn"
"DRKS00022560","UPDATED","2020-08-06","RETROSPECTIVE","2023-06-05",TRUE,"","Hamburg"
"DRKS00021165","UPDATED","2020-03-26","RETROSPECTIVE","2020-11-06",TRUE,"https://www.uni-marburg.de/de/fb20/bereiche/methoden-gesundheit/allgprmed/forschung/versorgung/kardio-studie","Marburg"
"DRKS00010496","UPDATED","2016-05-27","PROSPECTIVE","2023-01-31",TRUE,"","Leipzig"
"DRKS00010497","UPDATED","2018-05-15","PROSPECTIVE","2018-12-12",TRUE,,"Freiburg"
"DRKS00008173","UPDATED","2015-07-29","RETROSPECTIVE","2022-08-18",TRUE,,"Mannheim"
"DRKS00021148","UPDATED","2020-03-26","RETROSPECTIVE","2023-07-03",TRUE,"","Frankfurt"
"DRKS00008198","UPDATED","2015-05-19","PROSPECTIVE","2022-07-18",TRUE,,"Schleswig-Holstein"
"DRKS00022484","UPDATED","2020-07-17","RETROSPECTIVE","2021-02-10",TRUE,,"Regensburg"
"DRKS00021199","UPDATED","2020-05-07","RETROSPECTIVE","2023-02-06",TRUE,"","Hamburg"
"DRKS00021192","UPDATED","2020-04-01","RETROSPECTIVE","2022-08-25",TRUE,,"Frankfurt"
"DRKS00023911","UPDATED","2020-12-18","RETROSPECTIVE","2021-04-30",TRUE,"https://kinderklinik.uk-koeln.de/forschung/b-fast/","Köln"
"DRKS00011932","UPDATED","2017-08-18","PROSPECTIVE","2024-02-02",TRUE,"","Freiburg"
"DRKS00009618","UPDATED","2015-11-30","PROSPECTIVE","2019-05-22",TRUE,,"Hamburg"
"DRKS00010620","UPDATED","2018-02-21","PROSPECTIVE","2022-01-18",TRUE,,"Ulm"
"DRKS00009628","UPDATED","2015-11-09","PROSPECTIVE","2024-01-05",TRUE,"","Ulm"
"DRKS00010606","UPDATED","2016-07-20","PROSPECTIVE","2023-09-20",TRUE,"","Köln"
"DRKS00008321","UPDATED","2015-05-06","PROSPECTIVE","2023-03-29",TRUE,"","Leipzig"
"DRKS00023914","UPDATED","2021-01-08","RETROSPECTIVE","2023-01-31",FALSE,"","Heidelberg"
"DRKS00023931","UPDATED","2020-12-21","PROSPECTIVE","2022-10-10",TRUE,"/","Magdeburg"
"DRKS00009677","UPDATED","2016-01-26","PROSPECTIVE","2023-07-05",TRUE,"http://overload-prevop.charite.de","Charite"
"DRKS00021301","UPDATED","2020-04-16","PROSPECTIVE","2021-11-08",TRUE,"https://cope-corona.de/","Duisburg-Essen"
"DRKS00021300","UPDATED","2020-04-08","RETROSPECTIVE","2021-04-28",TRUE,,"Freiburg"
"DRKS00009692","UPDATED","2015-11-20","RETROSPECTIVE","2022-07-21",TRUE,,"Duisburg-Essen"
"DRKS00009687","UPDATED","2015-11-18","PROSPECTIVE","2021-10-26",TRUE,"http://www.protect-ad.de","Marburg"
"DRKS00010676","UPDATED","2016-06-14","PROSPECTIVE","2022-03-11",TRUE,"http://www.cscc.uniklinikum-jena.de/Forschung/Rehabilitation+und+langfristige+Folgen+der+Sepsis+%7C+Repair/Repair.html","Jena"
"DRKS00019053","UPDATED","2019-11-18","RETROSPECTIVE","2021-01-04",TRUE,"www.cirsforte.de","Frankfurt"
"DRKS00019051","UPDATED","2019-10-22","RETROSPECTIVE","2020-10-26",TRUE,,"Würzburg"
"DRKS00033278","REGISTERED","2024-01-08","RETROSPECTIVE","2024-01-08",TRUE,"","München_LMU"
"DRKS00012915","UPDATED","2017-10-13","RETROSPECTIVE","2022-07-27",TRUE,"https://epidemiologie.charite.de/forschung/projektbereich_komplementaere_und_integrative_medizin/arbeitsgruppe_naturheilkunde_und_integrative_medizin/laufende_projekte/","Charite"
"DRKS00012907","UPDATED","2017-08-18","PROSPECTIVE","2021-02-25",TRUE,,"München_LMU"
"DRKS00011610","UPDATED","2017-01-30","PROSPECTIVE","2018-03-22",TRUE,"https://www.uniklinik-freiburg.de/medizin1/behandlung/zentren-und-sektionen/sektion-ernaehrungsmedizin-und-diaetetik/forschung.html","Freiburg"
"DRKS00011614","UPDATED","2017-03-13","PROSPECTIVE","2021-03-19",TRUE,,"Magdeburg"
"DRKS00012944","UPDATED","2017-08-31","PROSPECTIVE","2023-01-18",TRUE,"https://www.medizin.uni-tuebingen.de/Presse_Aktuell/Einrichtungen+A+bis+Z/Institute/Allgemeinmedizin/Forschung/Forschungschwerpunkte+und+Projekte/Innovative+Versorgungsmodelle+_+Telemedizin/TeleDerm.html","Tübingen"
"DRKS00012961","UPDATED","2018-06-19","RETROSPECTIVE","2024-03-19",TRUE,"","Bochum"
"DRKS00035603","REGISTERED","2024-12-02","RETROSPECTIVE","2024-12-02",TRUE,"","Bochum"
"DRKS00011635","UPDATED","2017-01-20","PROSPECTIVE","2024-07-03",TRUE,"","Greifswald"
"DRKS00012965","UPDATED","2018-03-23","RETROSPECTIVE","2024-01-08",FALSE,"","Bochum"
"DRKS00009318","UPDATED","2015-11-05","RETROSPECTIVE","2021-02-19",TRUE,"http://www.klinikum.uni-muenchen.de/Klinik-und-Poliklinik-fuer-Palliativmedizin/de/forschung/Abgeschlossene-Projekte/breathEase/index.html","München_LMU"
"DRKS00011625","UPDATED","2017-08-09","PROSPECTIVE","2019-08-27",TRUE,,"Freiburg"
"DRKS00023632","UPDATED","2021-01-15","RETROSPECTIVE","2023-02-06",TRUE,"","Hannover"
"DRKS00023633","UPDATED","2021-02-01","RETROSPECTIVE","2023-02-06",TRUE,"","Hannover"
"DRKS00022305","UPDATED","2020-07-31","PROSPECTIVE","2022-06-13",TRUE,,"Münster"
"DRKS00023635","UPDATED","2021-02-08","RETROSPECTIVE","2023-01-27",TRUE,"","Hannover"
"DRKS00011619","UPDATED","2021-04-09","RETROSPECTIVE","2023-01-23",TRUE,"","Köln"
"DRKS00009333","UPDATED","2015-09-07","PROSPECTIVE","2021-09-09",TRUE,,"Leipzig"
"DRKS00011653","UPDATED","2017-01-30","PROSPECTIVE","2023-07-04",TRUE,"","Aachen"
"DRKS00011652","UPDATED","2017-01-26","PROSPECTIVE","2022-07-21",TRUE,,"Schleswig-Holstein"
"DRKS00012982","UPDATED","2017-09-19","RETROSPECTIVE","2021-07-19",TRUE,,"Charite"
"DRKS00012988","UPDATED","2017-09-27","RETROSPECTIVE","2024-10-16",TRUE,"https://palliativzentrum.uk-koeln.de/forschung/letzte-lebenszeit/umgang-mit-todeswuenschen/","Köln"
"DRKS00008009","UPDATED","2015-04-13","RETROSPECTIVE","2018-10-29",TRUE,,"München_LMU"
"DRKS00024925","UPDATED","2021-04-15","PROSPECTIVE","2025-01-10",TRUE,"","Erlangen"
"DRKS00023600","UPDATED","2021-01-13","RETROSPECTIVE","2023-02-02",TRUE,"","Regensburg"
"DRKS00009331","UPDATED","2015-09-07","PROSPECTIVE","2020-06-18",TRUE,,"Erlangen"
"DRKS00008001","UPDATED","2015-05-06","PROSPECTIVE","2020-06-25",TRUE,"www.uke.de/mkt_plus","Hamburg"
"DRKS00009323","UPDATED","2016-02-25","PROSPECTIVE","2022-02-07",TRUE,"https://www.deutsche-depressionshilfe.de/forschungszentrum/get-started-studie","Leipzig"
"DRKS00011638","UPDATED","2017-01-25","RETROSPECTIVE","2022-05-24",TRUE,,"Rostock"
"DRKS00011637","UPDATED","2017-01-25","RETROSPECTIVE","2024-07-01",TRUE,"","Greifswald"
"DRKS00008024","UPDATED","2015-08-17","PROSPECTIVE","2021-08-10",TRUE,,"Schleswig-Holstein"
"DRKS00011673","UPDATED","2017-01-27","RETROSPECTIVE","2018-07-05",TRUE,"http://www.fuessen.de/gesundheit/studie-gesunder-schlaf-durch-innere-ordnung.html","München_LMU"
"DRKS00012996","UPDATED","2017-09-11","PROSPECTIVE","2019-09-12",TRUE,,"München_LMU"
"DRKS00011663","UPDATED","2017-03-10","PROSPECTIVE","2023-01-23",TRUE,"","Freiburg"
"DRKS00011669","UPDATED","2017-03-14","PROSPECTIVE","2023-01-13",FALSE,"https://www.uniklinik-freiburg.de/psych/forschung-research/research-groups/rg-schramm/project-7.html","Freiburg"
"DRKS00008018","UPDATED","2015-04-24","PROSPECTIVE","2022-10-17",TRUE,,"Aachen"
"DRKS00012999","UPDATED","2019-05-16","RETROSPECTIVE","2023-10-05",TRUE,"https://kinderonkologie.charite.de/forschung/ag_seifert/klinische_studien/","Charite"
"DRKS00011666","UPDATED","2017-02-09","PROSPECTIVE","2024-06-04",TRUE,"http://www.coca-project.eu","Frankfurt"
"DRKS00021009","UPDATED","2020-03-11","PROSPECTIVE","2024-02-20",TRUE,"","Freiburg"
"DRKS00011660","UPDATED","2017-10-05","PROSPECTIVE","2022-03-21",TRUE,,"Freiburg"
"DRKS00011659","UPDATED","2017-02-15","RETROSPECTIVE","2023-06-21",TRUE,"","Ulm"
"DRKS00023673","REGISTERED","2020-11-20","RETROSPECTIVE","2020-11-20",TRUE,"Keine Internetseite verfügbar","München_LMU"
"DRKS00009379","UPDATED","2016-12-13","RETROSPECTIVE","2023-01-23",TRUE,"","Köln"
"DRKS00011693","UPDATED","2017-02-07","RETROSPECTIVE","2018-10-04",TRUE,,"Schleswig-Holstein"
"DRKS00011683","UPDATED","2017-05-03","RETROSPECTIVE","2018-07-02",TRUE,,"Hamburg"
"DRKS00011680","UPDATED","2017-01-31","RETROSPECTIVE","2021-10-01",TRUE,,"München_LMU"
"DRKS00024981","UPDATED","2021-04-07","PROSPECTIVE","2024-02-28",TRUE,"https://www.uniklinik-duesseldorf.de/patienten-besucher/klinikeninstitutezentren/klinisches-institut-fuer-psychosomatische-medizin-und-psychotherapie/forschung/deepvr-virtual-reality","Düsseldorf"
"DRKS00023650","UPDATED","2021-02-09","PROSPECTIVE","2025-04-01",TRUE,"","Heidelberg"
"DRKS00009269","UPDATED","2016-08-31","PROSPECTIVE","2023-07-05",TRUE,"","Freiburg"
"DRKS00010285","UPDATED","2016-08-22","PROSPECTIVE","2022-08-18",TRUE,,"Jena"
"DRKS00023568","REGISTERED","2020-12-01","RETROSPECTIVE","2020-12-01",TRUE,,"Hannover"
"DRKS00024894","UPDATED","2021-03-29","PROSPECTIVE","2024-01-05",TRUE,"-","Freiburg"
"DRKS00022287","UPDATED","2020-08-13","PROSPECTIVE","2023-11-02",TRUE,"","Bonn"
"DRKS00023708","REGISTERED","2020-11-26","RETROSPECTIVE","2020-11-26",TRUE,,"Marburg"
"DRKS00009415","UPDATED","2015-10-19","RETROSPECTIVE","2023-02-23",TRUE,"","Freiburg"
"DRKS00011725","UPDATED","2017-02-27","PROSPECTIVE","2020-04-28",TRUE,,"Mainz"
"DRKS00010421","UPDATED","2016-04-25","RETROSPECTIVE","2023-02-08",FALSE,"","Hannover"
"DRKS00011753","UPDATED","2017-02-14","RETROSPECTIVE","2023-02-09",FALSE,"","Heidelberg"
"DRKS00011748","UPDATED","2017-02-09","PROSPECTIVE","2019-11-18",TRUE,,"Köln"
"DRKS00009459","UPDATED","2015-10-15","PROSPECTIVE","2022-04-25",TRUE,,"Duisburg-Essen"
"DRKS00023722","REGISTERED","2020-12-08","RETROSPECTIVE","2020-12-08",TRUE,,"Jena"
"DRKS00009451","UPDATED","2017-07-03","PROSPECTIVE","2023-02-09",TRUE,"","München_TU"
"DRKS00009453","UPDATED","2016-02-18","RETROSPECTIVE","2023-01-06",TRUE,"","Hamburg"
"DRKS00009444","UPDATED","2015-12-04","PROSPECTIVE","2020-10-21",TRUE,"https://psychiatrie.charite.de/forschung/neurobiologisches_labor/studieninformation_fuer_interessenten_der_mino_trd_studie/","Charite"
"DRKS00009445","UPDATED","2015-11-19","PROSPECTIVE","2024-06-10",TRUE,"http://www.kfo256.de/de/projekte/anti-aggressions-psychotherapie.html","Heidelberg"
"DRKS00011761","UPDATED","2017-02-20","PROSPECTIVE","2020-12-07",TRUE,"/","Heidelberg"
"DRKS00022468","UPDATED","2020-07-23","PROSPECTIVE","2024-01-08",TRUE,"","Schleswig-Holstein"
"DRKS00021139","UPDATED","2020-03-27","RETROSPECTIVE","2024-06-20",TRUE,"https://innovationsfonds.g-ba.de/projekte/versorgungsforschung/73-orthopaedie-evaluation-des-vertrages-zur-versorgung-im-fachgebiet-der-orthopaedie-in-baden-wuerttemberg-gemaess-73c-sgb-v.119","Frankfurt"
"DRKS00010476","UPDATED","2018-04-03","PROSPECTIVE","2019-01-30",TRUE,,"Düsseldorf"
"DRKS00010477","UPDATED","2016-05-10","PROSPECTIVE","2020-07-29",TRUE,,"München_TU"
"DRKS00010475","UPDATED","2016-08-18","PROSPECTIVE","2025-01-27",TRUE,"http://www.infectcontrol.de/de/clip-id.html","Charite"
"DRKS00010471","UPDATED","2017-01-11","RETROSPECTIVE","2025-04-10",TRUE,"","Schleswig-Holstein"
"DRKS00022370","UPDATED","2020-12-01","PROSPECTIVE","2023-06-05",TRUE,"https://www.ukbonn.de/42256BC8002AF3E7/direct/vr-based-and-eyetracking-assisted-attention-refocusing-training-for-adhd-patients","Bonn"
"DRKS00021044","UPDATED","2020-03-30","PROSPECTIVE","2020-08-31",TRUE,,"Hamburg"
"DRKS00022389","UPDATED","2020-07-09","PROSPECTIVE","2022-07-18",TRUE,,"Freiburg"
"DRKS00022357","REGISTERED","2021-02-09","RETROSPECTIVE","2021-02-09",TRUE,,"Charite"
"DRKS00023686","UPDATED","2020-12-17","RETROSPECTIVE","2020-12-21",TRUE,,"Bochum"
"DRKS00023684","REGISTERED","2023-01-30","RETROSPECTIVE","2023-01-30",TRUE,"","Charite"
"DRKS00023697","UPDATED","2020-11-26","PROSPECTIVE","2023-09-25",TRUE,"","Regensburg"
"DRKS00021099","UPDATED","2020-03-17","RETROSPECTIVE","2021-05-12",TRUE,,"Hannover"
"DRKS00012703","UPDATED","2017-08-23","PROSPECTIVE","2021-07-05",TRUE,"http://www.kvbawue.de/ueber-uns/kooperationen/cocare/","Freiburg"
"DRKS00000718","UPDATED","2015-10-19","PROSPECTIVE","2023-09-14",TRUE,"","Freiburg"
"DRKS00024714","REGISTERED","2021-03-16","RETROSPECTIVE","2021-03-16",TRUE,,"Duisburg-Essen"
"DRKS00012714","UPDATED","2017-07-14","PROSPECTIVE","2019-12-12",TRUE,,"Duisburg-Essen"
"DRKS00012712","UPDATED","2017-07-12","RETROSPECTIVE","2020-04-08",TRUE,,"Duisburg-Essen"
"DRKS00024725","REGISTERED","2021-03-08","RETROSPECTIVE","2021-03-08",TRUE,"keine vorhanden","Ulm"
"DRKS00012704","UPDATED","2017-08-28","RETROSPECTIVE","2022-05-16",TRUE,,"Charite"
"DRKS00012743","UPDATED","2017-07-13","RETROSPECTIVE","2021-03-12",TRUE,,"Charite"
"DRKS00011410","UPDATED","2017-02-17","RETROSPECTIVE","2020-11-12",TRUE,"http://www.uniklinik-ulm.de/struktur/kliniken/innere-medizin/klinik-fuer-innere-medizin-ii/home/sektionen/sektion-sport-und-rehabilitationsmedizin/home/aktuelles/studienangebote.html","Ulm"
"DRKS00024704","UPDATED","2021-03-05","RETROSPECTIVE","2024-10-07",TRUE,"","Tübingen"
"DRKS00000753","UPDATED","2012-10-17","PROSPECTIVE","2022-03-03",TRUE,"www.start-cabg.de","Köln"
"DRKS00010101","UPDATED","2016-07-25","PROSPECTIVE","2025-02-07",TRUE,"","Schleswig-Holstein"
"DRKS00010105","UPDATED","2016-03-02","RETROSPECTIVE","2024-01-31",FALSE,"","Jena"
"DRKS00023420","UPDATED","2020-11-02","PROSPECTIVE","2021-08-24",TRUE,,"Freiburg"
"DRKS00011421","UPDATED","2017-01-20","PROSPECTIVE","2023-02-03",TRUE,"","Magdeburg"
"DRKS00011425","UPDATED","2016-12-19","RETROSPECTIVE","2019-07-29",TRUE,,"Ulm"
"DRKS00012750","UPDATED","2017-07-14","PROSPECTIVE","2024-01-02",TRUE,"","München_LMU"
"DRKS00023438","UPDATED","2021-05-11","RETROSPECTIVE","2022-11-24",TRUE,,"Giessen"
"DRKS00012786","UPDATED","2017-08-22","PROSPECTIVE","2020-10-20",TRUE,,"Düsseldorf"
"DRKS00011454","UPDATED","2016-12-22","PROSPECTIVE","2020-07-29",TRUE,,"Schleswig-Holstein"
"DRKS00010123","UPDATED","2016-03-22","PROSPECTIVE","2022-01-27",TRUE,"http://reizdarmstudie.charite.de","Charite"
"DRKS00012776","UPDATED","2017-11-06","RETROSPECTIVE","2018-07-11",FALSE,,"Giessen"
"DRKS00012778","UPDATED","2017-08-10","PROSPECTIVE","2020-08-24",TRUE,"www.klinikum.uni-heidelberg.de/stress","Heidelberg"
"DRKS00012772","UPDATED","2017-07-28","RETROSPECTIVE","2018-05-03",TRUE,,"Mannheim"
"DRKS00000796","UPDATED","2015-03-23","RETROSPECTIVE","2022-06-20",TRUE,,"Charite"
"DRKS00009036","UPDATED","2015-09-28","PROSPECTIVE","2020-03-31",TRUE,,"Düsseldorf"
"DRKS00012680","UPDATED","2019-05-10","PROSPECTIVE","2022-05-24",TRUE,"https://pia.uni-bonn.de/","Bonn"
"DRKS00024677","UPDATED","2021-03-08","RETROSPECTIVE","2025-03-27",TRUE,"","Hannover"
"DRKS00011348","UPDATED","2016-12-29","RETROSPECTIVE","2020-04-28",TRUE,"www.invade.de","München_TU"
"DRKS00023352","UPDATED","2020-10-23","PROSPECTIVE","2021-11-19",TRUE,,"München_LMU"
"DRKS00010049","UPDATED","2016-05-12","PROSPECTIVE","2022-05-27",TRUE,,"Charite"
"DRKS00011371","UPDATED","2016-12-16","RETROSPECTIVE","2025-02-17",TRUE,"","Ulm"
"DRKS00011374","UPDATED","2017-06-29","PROSPECTIVE","2023-07-04",TRUE,"https://www.uniklinikum-jena.de/geburtsmedizin/PETN.html","Jena"
"DRKS00011364","UPDATED","2016-11-23","PROSPECTIVE","2018-08-02",TRUE,,"München_LMU"
"DRKS00010033","UPDATED","2016-03-10","PROSPECTIVE","2022-10-24",TRUE,,"Düsseldorf"
"DRKS00011363","UPDATED","2017-06-28","RETROSPECTIVE","2024-03-01",TRUE,"","München_TU"
"DRKS00023371","UPDATED","2020-10-19","RETROSPECTIVE","2024-06-24",TRUE,"","Freiburg"
"DRKS00023373","UPDATED","2020-10-20","RETROSPECTIVE","2023-10-31",TRUE,"n/a","München_LMU"
"DRKS00010091","UPDATED","2016-03-11","PROSPECTIVE","2023-06-15",TRUE,"","Schleswig-Holstein"
"DRKS00012820","UPDATED","2017-11-08","PROSPECTIVE","2024-03-08",TRUE,"","Köln"
"DRKS00012823","UPDATED","2017-09-27","PROSPECTIVE","2021-01-28",TRUE,,"Hamburg"
"DRKS00012808","UPDATED","2017-09-04","PROSPECTIVE","2023-01-09",TRUE,"","Freiburg"
"DRKS00023500","UPDATED","2020-11-05","RETROSPECTIVE","2021-08-27",TRUE,"https://www.kgu.de/einrichtungen/institute/zentrum-der-hygiene/medizinische-virologie/safe-kids-studie/","Frankfurt"
"DRKS00024830","UPDATED","2021-03-29","PROSPECTIVE","2025-01-10",TRUE,"","Erlangen"
"DRKS00023503","UPDATED","2020-11-18","RETROSPECTIVE","2023-05-02",FALSE,"https://www.klinikum.uni-heidelberg.de/zentrum-fuer-orthopaedie-unfallchirurgie-und-paraplegiologie/klinik-fuer-paraplegiologie-querschnittzentrum/forschung/sektion-neurorehabilitation/standard-titel","Heidelberg"
"DRKS00011505","UPDATED","2017-02-15","RETROSPECTIVE","2020-12-14",TRUE,,"Charite"
"DRKS00012830","UPDATED","2017-07-27","PROSPECTIVE","2021-05-27",TRUE,,"Heidelberg"
"DRKS00023508","UPDATED","2020-12-07","RETROSPECTIVE","2023-02-02",TRUE,"","Hannover"
"DRKS00024845","UPDATED","2021-03-18","PROSPECTIVE","2022-03-24",TRUE,,"Heidelberg"
"DRKS00011532","UPDATED","2017-02-13","RETROSPECTIVE","2023-02-08",TRUE,"","Leipzig"
"DRKS00011527","UPDATED","2017-01-03","PROSPECTIVE","2021-01-12",TRUE,,"Rostock"
"DRKS00011521","UPDATED","2016-12-21","PROSPECTIVE","2023-01-18",TRUE,"","Charite"
"DRKS00012854","UPDATED","2018-03-07","PROSPECTIVE","2022-06-07",TRUE,"www.be-up-studie.de","Halle-Wittenberg"
"DRKS00024819","UPDATED","2021-04-08","RETROSPECTIVE","2021-07-01",TRUE,,"Ulm"
"DRKS00011518","UPDATED","2017-01-20","PROSPECTIVE","2018-06-12",TRUE,"http://www.medizin.uni-halle.de/index.php?id=7352&L=1%20%27","Halle-Wittenberg"
"DRKS00012848","UPDATED","2017-08-09","PROSPECTIVE","2018-05-16",TRUE,,"Schleswig-Holstein"
"DRKS00012885","UPDATED","2017-08-17","PROSPECTIVE","2020-07-30",TRUE,,"Köln"
"DRKS00011559","UPDATED","2017-01-13","PROSPECTIVE","2019-06-28",TRUE,,"Witten/Herdecke"
"DRKS00011551","UPDATED","2017-01-05","PROSPECTIVE","2020-05-08",FALSE,,"Duisburg-Essen"
"DRKS00024874","UPDATED","2021-03-22","PROSPECTIVE","2023-08-16",TRUE,"","Hamburg"
"DRKS00024878","UPDATED","2021-03-29","RETROSPECTIVE","2021-11-08",TRUE,,"Charite"
"DRKS00010211","UPDATED","2018-07-31","PROSPECTIVE","2020-04-01",TRUE,,"Duisburg-Essen"
"DRKS00012872","UPDATED","2017-12-18","PROSPECTIVE","2023-01-13",TRUE,"/","Frankfurt"
"DRKS00011548","UPDATED","2017-02-08","RETROSPECTIVE","2023-01-20",TRUE,"","Rostock"
"DRKS00012870","UPDATED","2017-11-16","RETROSPECTIVE","2024-01-05",TRUE,"https://pflegeprevent.de/","München_LMU"
"DRKS00023556","UPDATED","2020-11-27","PROSPECTIVE","2024-06-25",TRUE,"","Heidelberg"
"DRKS00024884","REGISTERED","2021-03-30","RETROSPECTIVE","2021-03-30",TRUE,,"Charite"
"DRKS00011538","UPDATED","2017-01-03","RETROSPECTIVE","2021-06-14",TRUE,,"Schleswig-Holstein"
"DRKS00024882","UPDATED","2021-04-14","PROSPECTIVE","2024-01-29",TRUE,"","Charite"
"DRKS00009257","UPDATED","2015-09-11","PROSPECTIVE","2024-06-24",TRUE,"","Tübingen"
"DRKS00009258","UPDATED","2015-08-24","PROSPECTIVE","2021-07-13",TRUE,,"Charite"
"DRKS00011572","UPDATED","2017-03-14","RETROSPECTIVE","2021-07-09",TRUE,,"Leipzig"
"DRKS00023526","UPDATED","2020-11-06","RETROSPECTIVE","2025-01-10",TRUE,"","Erlangen"
"DRKS00009250","UPDATED","2018-11-13","RETROSPECTIVE","2023-06-21",TRUE,"https://www.uniklinikum-jena.de/icosmos/Willkommen.html","Jena"
"DRKS00009251","UPDATED","2015-09-10","PROSPECTIVE","2024-06-24",TRUE,"","Tübingen"
"DRKS00010239","UPDATED","2016-04-01","RETROSPECTIVE","2023-03-22",TRUE,"","Charite"
"DRKS00011562","UPDATED","2017-01-23","PROSPECTIVE","2020-05-18",TRUE,,"Hamburg"
"DRKS00023468","UPDATED","2020-11-05","RETROSPECTIVE","2024-08-13",TRUE,"www.SonnenschutzClown.de","Dresden"
"DRKS00024795","UPDATED","2021-03-15","PROSPECTIVE","2023-06-23",TRUE,"","Heidelberg"
"DRKS00010135","UPDATED","2016-05-02","PROSPECTIVE","2019-07-02",TRUE,,"Jena"
"DRKS00035422","REGISTERED","2024-11-04","RETROSPECTIVE","2024-11-04",TRUE,"","Duisburg-Essen"
"DRKS00023445","UPDATED","2020-12-23","RETROSPECTIVE","2021-12-27",TRUE,,"Giessen"
"DRKS00024787","UPDATED","2021-05-05","RETROSPECTIVE","2025-01-08",TRUE,"","Erlangen"
"DRKS00022127","UPDATED","2020-06-15","PROSPECTIVE","2023-02-16",TRUE,"","Göttingen"
"DRKS00010186","UPDATED","2019-02-25","RETROSPECTIVE","2021-01-04",TRUE,,"Köln"
"DRKS00022181","UPDATED","2021-11-05","PROSPECTIVE","2024-02-02",TRUE,"","Aachen"
"DRKS00023481","UPDATED","2020-11-04","PROSPECTIVE","2024-06-03",TRUE,"","Düsseldorf"
"DRKS00023490","UPDATED","2020-11-27","RETROSPECTIVE","2023-07-13",TRUE,"","Göttingen"
"DRKS00022197","UPDATED","2020-06-25","PROSPECTIVE","2023-01-27",TRUE,"","Freiburg"
"DRKS00016008","UPDATED","2019-04-03","PROSPECTIVE","2023-07-24",TRUE,"","Homburg"
"DRKS00020987","UPDATED","2020-03-20","RETROSPECTIVE","2020-11-05",TRUE,,"Hamburg"
"DRKS00029327","REGISTERED","2022-07-05","RETROSPECTIVE","2022-07-05",TRUE,,"Leipzig"
"DRKS00028005","UPDATED","2022-02-17","RETROSPECTIVE","2024-01-08",TRUE,"","Rostock"
"DRKS00029337","REGISTERED","2022-06-22","RETROSPECTIVE","2022-06-22",TRUE,"-","Schleswig-Holstein"
"DRKS00005375","UPDATED","2013-11-25","PROSPECTIVE","2020-08-07",TRUE,,"Freiburg"
"DRKS00016019","UPDATED","2019-03-18","RETROSPECTIVE","2024-10-28",TRUE,"","Erlangen"
"DRKS00016018","UPDATED","2019-06-27","PROSPECTIVE","2021-04-23",TRUE,,"Freiburg"
"DRKS00031628","REGISTERED","2023-04-06","RETROSPECTIVE","2023-04-06",TRUE,"","Erlangen"
"DRKS00020986","REGISTERED","2020-03-18","RETROSPECTIVE","2020-03-18",TRUE,,"Tübingen"
"DRKS00028040","REGISTERED","2022-02-24","RETROSPECTIVE","2022-02-24",TRUE,,"Köln"
"DRKS00016038","UPDATED","2018-12-05","RETROSPECTIVE","2019-02-15",TRUE,,"Witten/Herdecke"
"DRKS00016034","UPDATED","2018-12-04","RETROSPECTIVE","2020-10-30",TRUE,"https://www.ukw.de/palliativmedizin/forschung/","Würzburg"
"DRKS00028018","UPDATED","2022-02-04","RETROSPECTIVE","2025-04-15",TRUE,"","Mainz"
"DRKS00028072","REGISTERED","2022-02-08","RETROSPECTIVE","2022-02-08",TRUE,,"Charite"
"DRKS00007913","UPDATED","2015-03-25","PROSPECTIVE","2022-03-08",TRUE,,"Witten/Herdecke"
"DRKS00020914","UPDATED","2020-03-12","RETROSPECTIVE","2025-01-02",TRUE,"https://www.charite.de/forschung/forschung_an_der_charite/forschungsprojekte/innovationsfonds/iknow/","Charite"
"DRKS00007929","UPDATED","2015-09-18","PROSPECTIVE","2021-04-08",TRUE,"http://www.kfo256.de/de/projekte/sensorik.html","Mannheim"
"DRKS00007928","UPDATED","2015-08-03","RETROSPECTIVE","2025-04-09",TRUE,"","Köln"
"DRKS00019922","UPDATED","2019-11-29","RETROSPECTIVE","2023-07-10",TRUE,"","Freiburg"
"DRKS00019955","UPDATED","2019-12-13","RETROSPECTIVE","2023-12-21",TRUE,"www.tv-studie-jena.de","Jena"
"DRKS00020963","UPDATED","2020-04-09","PROSPECTIVE","2023-01-30",FALSE,"","Mannheim"
"DRKS00007990","UPDATED","2016-01-15","PROSPECTIVE","2024-01-23",TRUE,"","Freiburg"
"DRKS00017311","UPDATED","2019-05-28","RETROSPECTIVE","2023-02-06",TRUE,"","Charite"
"DRKS00020933","UPDATED","2020-02-21","PROSPECTIVE","2023-08-21",TRUE,"","Köln"
"DRKS00018781","UPDATED","2019-09-12","PROSPECTIVE","2021-04-12",TRUE,,"Giessen"
"DRKS00018777","UPDATED","2020-01-16","PROSPECTIVE","2021-12-27",TRUE,,"Homburg"
"DRKS00017440","UPDATED","2019-06-13","RETROSPECTIVE","2020-01-02",TRUE,,"Leipzig"
"DRKS00017467","UPDATED","2019-06-12","RETROSPECTIVE","2024-07-23",TRUE,"","Magdeburg"
"DRKS00017462","UPDATED","2019-06-21","RETROSPECTIVE","2023-01-04",TRUE,"","Tübingen"
"DRKS00016169","UPDATED","2019-03-06","PROSPECTIVE","2023-02-07",TRUE,"","München_LMU"
"DRKS00030472","REGISTERED","2022-10-10","RETROSPECTIVE","2022-10-10",TRUE,"https://klinikum-essen.lvr.de/de/nav_main/erwachsene/klinik_fuer_psychosomatische_medizin_und_psychotherapie/forschung/forschung.html","Duisburg-Essen"
"DRKS00004186","UPDATED","2012-10-26","PROSPECTIVE","2025-01-16",TRUE,"","Göttingen"
"DRKS00028136","REGISTERED","2022-02-22","RETROSPECTIVE","2022-02-22",TRUE,,"Charite"
"DRKS00006741","UPDATED","2014-09-12","PROSPECTIVE","2024-07-01",TRUE,"","Halle-Wittenberg"
"DRKS00017411","UPDATED","2019-05-28","PROSPECTIVE","2023-01-23",TRUE,"","Schleswig-Holstein"
"DRKS00006785","UPDATED","2014-09-24","PROSPECTIVE","2022-01-20",TRUE,,"Düsseldorf"
"DRKS00020755","UPDATED","2020-02-12","RETROSPECTIVE","2025-01-02",FALSE,"","Mannheim"
"DRKS00020764","UPDATED","2020-02-05","PROSPECTIVE","2023-01-12",TRUE,"","Halle-Wittenberg"
"DRKS00017115","UPDATED","2019-12-12","RETROSPECTIVE","2023-09-08",TRUE,"","Bochum"
"DRKS00005126","UPDATED","2014-03-31","RETROSPECTIVE","2023-07-05",TRUE,"","Freiburg"
"DRKS00029137","REGISTERED","2022-07-05","RETROSPECTIVE","2022-07-05",TRUE,,"Düsseldorf"
"DRKS00017150","UPDATED","2019-09-17","RETROSPECTIVE","2023-03-20",TRUE,"","Freiburg"
"DRKS00020787","UPDATED","2020-06-02","PROSPECTIVE","2022-12-27",TRUE,"","Freiburg"
"DRKS00017166","UPDATED","2020-01-20","RETROSPECTIVE","2022-05-02",TRUE,"keine","Mainz"
"DRKS00017160","UPDATED","2019-05-28","RETROSPECTIVE","2020-08-11",FALSE,"keine","Mannheim"
"DRKS00017199","UPDATED","2020-02-04","RETROSPECTIVE","2020-10-01",TRUE,,"Köln"
"DRKS00017191","UPDATED","2019-06-14","PROSPECTIVE","2023-01-27",TRUE,"https://www.selfapy.de/","Charite"
"DRKS00007729","UPDATED","2015-01-30","PROSPECTIVE","2020-05-14",TRUE,,"Freiburg"
"DRKS00017210","UPDATED","2020-01-13","RETROSPECTIVE","2023-05-05",TRUE,"www.mindpregnancy.de","Heidelberg"
"DRKS00019870","REGISTERED","2019-11-15","RETROSPECTIVE","2019-11-15",TRUE,,"München_TU"
"DRKS00029209","UPDATED","2022-06-08","RETROSPECTIVE","2023-02-21",TRUE,"","Mainz"
"DRKS00029200","UPDATED","2022-06-08","RETROSPECTIVE","2023-06-26",TRUE,"","Magdeburg"
"DRKS00017235","UPDATED","2019-10-28","PROSPECTIVE","2021-02-11",TRUE,"http://parkinson-companion.de/","Aachen"
"DRKS00019888","UPDATED","2019-11-28","PROSPECTIVE","2021-09-27",TRUE,,"Hamburg"
"DRKS00017220","UPDATED","2019-05-03","PROSPECTIVE","2020-02-28",TRUE,,"Hamburg"
"DRKS00017254","UPDATED","2019-05-14","RETROSPECTIVE","2022-07-18",TRUE,,"Magdeburg"
"DRKS00017242","UPDATED","2019-05-09","PROSPECTIVE","2024-02-26",TRUE,"","Dresden"
"DRKS00005290","UPDATED","2015-08-31","PROSPECTIVE","2023-01-13",TRUE,"","Freiburg"
"DRKS00020894","UPDATED","2020-02-26","RETROSPECTIVE","2022-03-21",TRUE,"www.fit-4-future.de","München_TU"
"DRKS00007802","UPDATED","2015-02-24","PROSPECTIVE","2023-02-13",TRUE,"","Leipzig"
"DRKS00019815","UPDATED","2020-02-25","RETROSPECTIVE","2022-04-05",TRUE,"na","Charite"
"DRKS00019838","UPDATED","2019-11-11","RETROSPECTIVE","2021-07-05",TRUE,,"Göttingen"
"DRKS00020828","UPDATED","2020-05-04","PROSPECTIVE","2023-02-14",TRUE,"https://www.attention-projekt.de/","Bonn"
"DRKS00007841","UPDATED","2015-08-31","PROSPECTIVE","2024-07-03",TRUE,"","Greifswald"
"DRKS00020800","REGISTERED","2020-02-25","RETROSPECTIVE","2020-02-25",TRUE,,"Leipzig"
"DRKS00020801","UPDATED","2020-03-12","PROSPECTIVE","2023-03-28",TRUE,"","Freiburg"
"DRKS00020804","UPDATED","2020-03-16","PROSPECTIVE","2023-10-02",TRUE,"","Schleswig-Holstein"
"DRKS00007877","UPDATED","2015-03-06","RETROSPECTIVE","2023-01-23",TRUE,"","Freiburg"
"DRKS00020510","UPDATED","2020-03-26","RETROSPECTIVE","2022-10-19",FALSE,"www.ikk-ivp.de","Magdeburg"
"DRKS00021827","REGISTERED","2020-09-04","RETROSPECTIVE","2020-09-04",TRUE,"-","München_LMU"
"DRKS00020502","UPDATED","2020-01-22","PROSPECTIVE","2023-04-28",TRUE,"","Tübingen"
"DRKS00020551","UPDATED","2020-02-04","PROSPECTIVE","2022-01-14",TRUE,,"Hamburg"
"DRKS00020555","UPDATED","2020-06-04","RETROSPECTIVE","2023-02-02",TRUE,"","Bonn"
"DRKS00020557","UPDATED","2020-01-31","PROSPECTIVE","2023-02-06",TRUE,"https://epidemiologie.charite.de/forschung/projektbereich_komplementaere_und_integrative_medizin/arbeitsgruppe_naturheilkunde_und_integrative_medizin/laufende_projekte/","Charite"
"DRKS00033858","REGISTERED","2024-03-12","RETROSPECTIVE","2024-03-12",TRUE,"","Tübingen"
"DRKS00007568","UPDATED","2015-06-18","RETROSPECTIVE","2022-05-02",TRUE,"www.eulast.eu","München_TU"
"DRKS00006236","UPDATED","2014-06-18","PROSPECTIVE","2018-08-09",TRUE,,"Freiburg"
"DRKS00007589","UPDATED","2015-01-13","RETROSPECTIVE","2023-01-26",FALSE,"","Greifswald"
"DRKS00020591","REGISTERED","2023-06-13","RETROSPECTIVE","2023-06-13",TRUE,"https://www.uksh.de/med-psych/Forschung/Hirnstimulation+_+Brain+Stimulation/tDCS+and+Emotion+Regulation-p-178.html","Schleswig-Holstein"
"DRKS00020576","UPDATED","2020-01-31","RETROSPECTIVE","2023-01-17",TRUE,"","Charite"
"DRKS00020586","UPDATED","2020-01-30","RETROSPECTIVE","2021-08-17",TRUE,,"Charite"
"DRKS00008838","UPDATED","2015-06-24","PROSPECTIVE","2020-11-23",TRUE,,"Giessen;Magdeburg"
"DRKS00008971","UPDATED","2015-10-01","PROSPECTIVE","2023-10-13",TRUE,"http://esca-life.org/","Marburg"
"DRKS00008973","UPDATED","2015-12-18","PROSPECTIVE","2023-01-20",TRUE,"http://esca-life.org/","Köln"
"DRKS00008974","UPDATED","2015-12-28","PROSPECTIVE","2022-05-30",TRUE,"http://esca-life.org","Würzburg"
"DRKS00006344","UPDATED","2015-04-15","PROSPECTIVE","2020-10-06",TRUE,"https://www.imbi.uni-freiburg.de/SEVERA/Projekte/aktuell/orest","Freiburg"
"DRKS00017019","UPDATED","2019-04-08","PROSPECTIVE","2023-03-15",TRUE,"https://esano.klips-ulm.de/de/trainings/krebserkrankung/partnercare/","Ulm"
"DRKS00032667","REGISTERED","2023-09-14","RETROSPECTIVE","2023-09-14",TRUE,"","Hamburg"
"DRKS00032626","REGISTERED","2023-09-05","RETROSPECTIVE","2023-09-05",TRUE,"","Marburg"
"DRKS00005040","UPDATED","2013-08-22","RETROSPECTIVE","2022-03-11",TRUE,"http://www.klinikum.uni-muenchen.de/Deutsches-Schwindelzentrum-IFB-LMU/de/Studienzentrum/PROVEMIG_Studie/index.html","München_LMU"
"DRKS00032642","REGISTERED","2024-09-19","RETROSPECTIVE","2024-09-19",TRUE,"","Freiburg"
"DRKS00017024","UPDATED","2019-04-02","RETROSPECTIVE","2023-02-06",TRUE,"","Aachen"
"DRKS00017050","REGISTERED","2019-03-28","RETROSPECTIVE","2019-03-28",TRUE,,"München_LMU"
"DRKS00031345","REGISTERED","2023-02-27","RETROSPECTIVE","2023-02-27",TRUE,"","Regensburg"
"DRKS00030007","UPDATED","2022-08-12","RETROSPECTIVE","2023-03-22",TRUE,"","Regensburg"
"DRKS00017096","UPDATED","2019-07-12","PROSPECTIVE","2021-09-24",TRUE,,"Würzburg"
"DRKS00017098","UPDATED","2019-11-11","RETROSPECTIVE","2021-05-17",TRUE,,"Köln"
"DRKS00017094","UPDATED","2019-04-17","RETROSPECTIVE","2024-03-08",TRUE,"","Köln"
"DRKS00030050","UPDATED","2022-10-10","RETROSPECTIVE","2024-08-21",TRUE,"","Köln"
"DRKS00030065","UPDATED","2022-08-29","RETROSPECTIVE","2023-01-05",TRUE,"","Göttingen"
"DRKS00008900","UPDATED","2016-02-03","RETROSPECTIVE","2023-01-20",TRUE,"","Freiburg"
"DRKS00008908","UPDATED","2016-10-25","PROSPECTIVE","2018-10-15",TRUE,,"Köln"
"DRKS00021914","UPDATED","2020-06-04","RETROSPECTIVE","2023-07-14",TRUE,"","Göttingen"
"DRKS00008947","UPDATED","2015-08-27","RETROSPECTIVE","2021-06-14",FALSE,,"Hannover"
"DRKS00008965","UPDATED","2015-11-17","PROSPECTIVE","2023-01-25",TRUE,"nicht verfügbar","Freiburg"
"DRKS00010942","UPDATED","2016-08-17","PROSPECTIVE","2023-01-19",TRUE,"","München_LMU"
"DRKS00022927","UPDATED","2020-12-17","PROSPECTIVE","2024-07-03",TRUE,"https://www.attention-projekt.de/","Bonn"
"DRKS00009944","UPDATED","2016-02-08","PROSPECTIVE","2025-05-09",TRUE,"","Bonn"
"DRKS00009971","UPDATED","2016-01-27","PROSPECTIVE","2023-01-20",TRUE,"","Leipzig"
"DRKS00010979","UPDATED","2016-10-07","RETROSPECTIVE","2024-02-05",TRUE,"https://ulmer-onlineklinik.de/course/view.php?id=688","Ulm"
"DRKS00021648","UPDATED","2020-05-12","PROSPECTIVE","2023-07-04",TRUE,"","Bochum"
"DRKS00010966","UPDATED","2016-11-07","PROSPECTIVE","2024-06-18",TRUE,"","Dresden"
"DRKS00021624","UPDATED","2020-05-11","PROSPECTIVE","2024-06-24",TRUE,"","Freiburg"
"DRKS00006014","UPDATED","2014-12-19","RETROSPECTIVE","2023-10-20",TRUE,"http://www.uni-tuebingen.8yz.de/","Tübingen"
"DRKS00018026","UPDATED","2020-02-12","RETROSPECTIVE","2023-06-05",TRUE,"","Bonn"
"DRKS00020359","UPDATED","2019-12-19","PROSPECTIVE","2023-08-23",FALSE,"Nicht vorhanden","Mainz"
"DRKS00020364","UPDATED","2020-01-07","RETROSPECTIVE","2023-08-16",FALSE,"nicht vorhanden","Bochum"
"DRKS00021661","UPDATED","2020-10-23","PROSPECTIVE","2022-06-14",TRUE,,"Charite"
"DRKS00022995","UPDATED","2020-09-02","PROSPECTIVE","2022-10-04",TRUE,,"Köln"
"DRKS00021665","UPDATED","2020-07-20","PROSPECTIVE","2021-12-09",TRUE,,"Heidelberg"
"DRKS00020393","UPDATED","2019-12-30","PROSPECTIVE","2024-01-25",TRUE,"","Göttingen"
"DRKS00020374","UPDATED","2020-01-08","RETROSPECTIVE","2022-04-05",TRUE,,"Erlangen"
"DRKS00018088","UPDATED","2019-09-02","RETROSPECTIVE","2022-11-11",TRUE,,"Hannover"
"DRKS00009912","UPDATED","2016-03-09","PROSPECTIVE","2020-03-25",TRUE,,"Schleswig-Holstein"
"DRKS00009918","UPDATED","2016-03-03","PROSPECTIVE","2020-10-22",TRUE,,"Freiburg"
"DRKS00021720","UPDATED","2020-05-27","PROSPECTIVE","2022-03-03",TRUE,,"Freiburg"
"DRKS00006109","UPDATED","2014-05-30","PROSPECTIVE","2024-01-05",TRUE,"","Aachen"
"DRKS00008750","UPDATED","2015-06-09","PROSPECTIVE","2020-08-17",TRUE,,"München_LMU"
"DRKS00008783","UPDATED","2016-05-31","PROSPECTIVE","2020-12-11",TRUE,,"Freiburg"
"DRKS00021767","REGISTERED","2020-05-20","RETROSPECTIVE","2020-05-20",FALSE,,"Leipzig"
"DRKS00020409","UPDATED","2020-01-16","RETROSPECTIVE","2020-07-20",TRUE,,"Bochum"
"DRKS00020453","UPDATED","2020-01-14","PROSPECTIVE","2021-03-17",TRUE,"-","München_LMU"
"DRKS00020454","UPDATED","2020-01-17","RETROSPECTIVE","2023-07-24",TRUE,"","Tübingen"
"DRKS00020455","UPDATED","2020-02-10","PROSPECTIVE","2020-09-03",FALSE,,"Charite"
"DRKS00021798","UPDATED","2020-05-25","RETROSPECTIVE","2020-09-29",TRUE,,"Hannover"
"DRKS00006176","UPDATED","2014-05-21","PROSPECTIVE","2020-07-30",TRUE,,"Leipzig"
"DRKS00018092","REGISTERED","2020-05-06","RETROSPECTIVE","2020-05-06",TRUE,"https://www.lmu-klinikum.de/forschung/71852cf72860b680","München_LMU"
"DRKS00014299","UPDATED","2018-04-05","PROSPECTIVE","2023-01-20",TRUE,"","München_LMU"
"DRKS00014294","UPDATED","2018-06-12","PROSPECTIVE","2022-10-31",TRUE,"www.vespeera.org","Heidelberg"
"DRKS00004917","UPDATED","2013-04-23","PROSPECTIVE","2019-09-20",TRUE,,"München_TU"
"DRKS00015516","UPDATED","2018-10-16","PROSPECTIVE","2023-09-04",TRUE,"www.uke.de/hkg-eva","Hamburg"
"DRKS00015512","UPDATED","2018-09-21","RETROSPECTIVE","2023-01-25",TRUE,"","Giessen"
"DRKS00015502","UPDATED","2018-10-19","PROSPECTIVE","2021-08-30",TRUE,,"Leipzig"
"DRKS00016860","UPDATED","2019-03-07","PROSPECTIVE","2020-03-16",TRUE,,"Hamburg"
"DRKS00016859","UPDATED","2019-02-26","PROSPECTIVE","2025-03-10",TRUE,"","Schleswig-Holstein"
"DRKS00015526","UPDATED","2019-01-11","RETROSPECTIVE","2022-07-22",TRUE,,"Bochum"
"DRKS00004874","UPDATED","2013-10-30","PROSPECTIVE","2023-01-27",TRUE,"","Mannheim"
"DRKS00014229","UPDATED","2018-03-07","RETROSPECTIVE","2021-03-18",TRUE,,"Ulm"
"DRKS00016887","UPDATED","2019-03-07","PROSPECTIVE","2023-02-17",TRUE,"","Regensburg"
"DRKS00003571","UPDATED","2012-08-30","PROSPECTIVE","2023-03-30",TRUE,"","Leipzig"
"DRKS00016870","UPDATED","2019-03-18","PROSPECTIVE","2019-05-20",TRUE,"https://www.soscisurvey.de/meditation2019/?info","Heidelberg"
"DRKS00014246","UPDATED","2020-02-19","RETROSPECTIVE","2023-05-26",TRUE,"","Hannover"
"DRKS00014241","UPDATED","2018-03-06","RETROSPECTIVE","2023-02-24",TRUE,"","Tübingen"
"DRKS00003588","UPDATED","2012-03-23","RETROSPECTIVE","2023-07-12",TRUE,"","Duisburg-Essen;Münster"
"DRKS00027580","UPDATED","2022-01-12","RETROSPECTIVE","2022-10-13",TRUE,,"München_LMU"
"DRKS00014251","UPDATED","2018-04-06","PROSPECTIVE","2021-01-14",TRUE,,"Charite"
"DRKS00014252","UPDATED","2018-04-09","RETROSPECTIVE","2022-07-14",TRUE,,"Mainz"
"DRKS00014287","UPDATED","2018-03-14","RETROSPECTIVE","2024-01-30",TRUE,"https://www.klinikum.uni-heidelberg.de/zentrum-fuer-innere-medizin-medizin-klinik/innere-medizin-i-klinik-fuer-endokrinologie-stoffwechsel-und-klinische-chemie/behandlungsspektrum/studienzentrum/aktuelle-klinische-studien/","Heidelberg"
"DRKS00026234","UPDATED","2021-09-20","RETROSPECTIVE","2024-07-19",TRUE,"","Magdeburg"
"DRKS00014279","UPDATED","2018-04-27","PROSPECTIVE","2023-02-24",TRUE,"","Freiburg"
"DRKS00014272","UPDATED","2019-04-02","RETROSPECTIVE","2024-03-21",TRUE,"https://bgf-badbirnbach.de/","München_LMU"
"DRKS00014274","UPDATED","2018-03-12","PROSPECTIVE","2020-04-30",TRUE,,"Dresden;Greifswald"
"DRKS00013097","UPDATED","2017-09-29","PROSPECTIVE","2021-04-13",TRUE,,"Freiburg"
"DRKS00013082","UPDATED","2017-11-03","RETROSPECTIVE","2023-10-17",TRUE,"","Heidelberg"
"DRKS00025071","UPDATED","2021-04-16","PROSPECTIVE","2021-09-21",TRUE,"https://www.unimedizin-mainz.de/mtf/uebersicht.html","Mainz"
"DRKS00003605","UPDATED","2012-07-10","PROSPECTIVE","2019-09-25",TRUE,"https://www.klinikum.uni-heidelberg.de/RCT-bei-NSSV.127255.0.html","Heidelberg"
"DRKS00016942","UPDATED","2019-05-24","PROSPECTIVE","2021-07-30",TRUE,,"Frankfurt"
"DRKS00015639","UPDATED","2019-02-12","RETROSPECTIVE","2023-01-26",TRUE,"","Tübingen"
"DRKS00014300","UPDATED","2018-03-16","PROSPECTIVE","2018-12-03",TRUE,,"Mainz"
"DRKS00016951","UPDATED","2019-05-06","PROSPECTIVE","2023-01-24",TRUE,"","Köln"
"DRKS00015619","UPDATED","2018-10-08","PROSPECTIVE","2021-06-07",TRUE,,"Bochum"
"DRKS00028934","UPDATED","2022-05-11","RETROSPECTIVE","2023-06-23",TRUE,"","Charite"
"DRKS00016972","UPDATED","2019-03-25","PROSPECTIVE","2021-03-05",TRUE,,"Heidelberg"
"DRKS00014310","UPDATED","2018-04-24","RETROSPECTIVE","2023-01-06",TRUE,"","Charite"
"DRKS00016974","UPDATED","2019-03-14","PROSPECTIVE","2020-09-14",TRUE,,"Schleswig-Holstein"
"DRKS00014341","UPDATED","2018-09-19","PROSPECTIVE","2023-04-27",TRUE,"","Düsseldorf"
"DRKS00025008","UPDATED","2021-04-07","RETROSPECTIVE","2023-12-29",FALSE,"","Regensburg"
"DRKS00016994","UPDATED","2019-03-26","RETROSPECTIVE","2023-07-11",TRUE,"","Duisburg-Essen"
"DRKS00013001","UPDATED","2017-09-15","PROSPECTIVE","2021-09-24",TRUE,,"Heidelberg"
"DRKS00015696","UPDATED","2019-01-22","PROSPECTIVE","2022-02-24",TRUE,"https://www.hopes3.de/","Heidelberg"
"DRKS00028978","REGISTERED","2022-05-16","RETROSPECTIVE","2022-05-16",TRUE,,"Bonn"
"DRKS00015686","UPDATED","2018-10-10","PROSPECTIVE","2024-07-03",TRUE,"","Frankfurt"
"DRKS00015680","UPDATED","2019-01-29","PROSPECTIVE","2023-02-07",TRUE,"","Charite"
"DRKS00015682","UPDATED","2018-12-20","PROSPECTIVE","2023-06-23",TRUE,"","Bochum"
"DRKS00013057","UPDATED","2018-03-29","RETROSPECTIVE","2023-01-27",TRUE,"https://csi-tuebingen.medizin.uni-tuebingen.de","Tübingen"
"DRKS00013055","REGISTERED","2021-01-11","RETROSPECTIVE","2021-01-11",TRUE,"https://rheumazentrum-hannover.de/projekte/","Hannover"
"DRKS00014373","UPDATED","2018-04-05","RETROSPECTIVE","2019-05-13",TRUE,"Not available.","Greifswald"
"DRKS00013076","UPDATED","2017-09-29","PROSPECTIVE","2020-08-13",TRUE,"http://www.dictum.med.uni-goettingen.de/index.html","Göttingen"
"DRKS00013075","UPDATED","2017-10-16","RETROSPECTIVE","2021-11-25",TRUE,,"Aachen"
"DRKS00013068","UPDATED","2017-09-26","PROSPECTIVE","2023-01-09",TRUE,"www.annotem.de","Charite"
"DRKS00013067","UPDATED","2017-11-16","PROSPECTIVE","2023-01-09",TRUE,"https://www.charite.de/service/pressemitteilung/artikel/detail/telemedizinische_vernetzung_verbessert_versorgung_neurologischer_notfaelle/","Charite"
"DRKS00027392","UPDATED","2021-12-07","RETROSPECTIVE","2022-06-13",TRUE,,"Dresden"
"DRKS00014054","UPDATED","2018-08-29","PROSPECTIVE","2021-07-22",TRUE,,"Heidelberg;Ulm"
"DRKS00027372","UPDATED","2022-01-11","RETROSPECTIVE","2023-07-06",TRUE,"","Halle-Wittenberg"
"DRKS00014072","UPDATED","2019-03-20","PROSPECTIVE","2023-07-06",TRUE,"","Freiburg"
"DRKS00014094","UPDATED","2018-03-20","RETROSPECTIVE","2021-05-19",TRUE,,"Greifswald"
"DRKS00016603","UPDATED","2019-10-10","RETROSPECTIVE","2022-10-25",TRUE,,"Halle-Wittenberg"
"DRKS00016628","UPDATED","2019-02-04","PROSPECTIVE","2021-11-15",TRUE,"/","Freiburg"
"DRKS00016616","UPDATED","2019-02-21","PROSPECTIVE","2023-04-17",TRUE,"","Heidelberg"
"DRKS00016619","UPDATED","2019-02-14","RETROSPECTIVE","2023-01-20",TRUE,"","Köln"
"DRKS00016644","UPDATED","2019-10-17","RETROSPECTIVE","2023-06-02",TRUE,"","Ulm"
"DRKS00016639","UPDATED","2019-04-08","PROSPECTIVE","2025-03-04",TRUE,"","Köln"
"DRKS00016631","UPDATED","2019-01-31","RETROSPECTIVE","2019-06-04",TRUE,,"Heidelberg"
"DRKS00016665","UPDATED","2019-03-27","RETROSPECTIVE","2020-07-27",TRUE,,"Charite"
"DRKS00014004","UPDATED","2018-07-31","PROSPECTIVE","2020-01-31",TRUE,,"Freiburg"
"DRKS00016661","UPDATED","2019-01-31","PROSPECTIVE","2023-01-26",TRUE,"","Rostock"
"DRKS00016674","REGISTERED","2019-02-05","RETROSPECTIVE","2019-02-05",TRUE,,"Charite"
"DRKS00016670","UPDATED","2019-02-21","PROSPECTIVE","2024-01-12",TRUE,"","Jena"
"DRKS00030998","REGISTERED","2023-01-11","RETROSPECTIVE","2023-01-11",TRUE,"","Bochum"
"DRKS00014043","UPDATED","2018-04-26","PROSPECTIVE","2023-03-20",TRUE,"","Düsseldorf"
"DRKS00014040","UPDATED","2022-12-30","RETROSPECTIVE","2023-07-19",TRUE,"","Dresden"
"DRKS00014039","UPDATED","2020-04-03","RETROSPECTIVE","2023-07-06",TRUE,"","Freiburg"
"DRKS00014033","UPDATED","2018-02-15","RETROSPECTIVE","2024-01-12",TRUE,"","Jena"
"DRKS00014191","UPDATED","2018-03-02","PROSPECTIVE","2025-03-06",TRUE,"","Tübingen"
"DRKS00016706","UPDATED","2019-02-21","RETROSPECTIVE","2021-08-31",TRUE,,"Duisburg-Essen"
"DRKS00016703","UPDATED","2019-02-21","RETROSPECTIVE","2023-10-17",FALSE,"https://www.pikko.de/","Jena"
"DRKS00016702","UPDATED","2019-07-19","PROSPECTIVE","2023-02-07",TRUE,"","Tübingen"
"DRKS00004716","UPDATED","2013-02-13","PROSPECTIVE","2021-01-14",TRUE,"www.predch.de","Duisburg-Essen"
"DRKS00016723","UPDATED","2019-02-11","RETROSPECTIVE","2023-01-23",FALSE,"","Hannover"
"DRKS00004741","UPDATED","2013-10-04","PROSPECTIVE","2024-03-11",TRUE,"","Düsseldorf;Magdeburg"
"DRKS00016719","UPDATED","2019-02-08","PROSPECTIVE","2024-11-25",TRUE,"www.dictum-rescue.de","Göttingen"
"DRKS00016755","UPDATED","2019-03-06","PROSPECTIVE","2022-10-11",TRUE,,"Ulm"
"DRKS00004774","UPDATED","2013-11-12","PROSPECTIVE","2022-07-26",TRUE,"www.ruhr-uni-bochum.de/corra","Bochum"
"DRKS00026104","REGISTERED","2023-06-15","RETROSPECTIVE","2023-06-15",TRUE,"www.evinews.de","Leipzig"
"DRKS00015459","UPDATED","2018-11-05","RETROSPECTIVE","2019-09-06",FALSE,,"München_LMU"
"DRKS00015455","UPDATED","2018-09-11","RETROSPECTIVE","2019-06-25",TRUE,"http://www.imbi.uni-freiburg.de/SEVERA/Projekte/aktuell/mewo","Freiburg"
"DRKS00027415","UPDATED","2021-12-08","RETROSPECTIVE","2025-01-02",TRUE,"","Mainz"
"DRKS00015492","UPDATED","2018-10-31","PROSPECTIVE","2024-01-12",TRUE,"","Freiburg"
"DRKS00015152","UPDATED","2018-08-03","PROSPECTIVE","2020-10-22",TRUE,,"Heidelberg"
"DRKS00004492","UPDATED","2012-11-07","RETROSPECTIVE","2022-09-22",TRUE,,"Heidelberg"
"DRKS00015142","UPDATED","2018-07-23","PROSPECTIVE","2024-11-20",TRUE,"","Freiburg"
"DRKS00004495","UPDATED","2012-11-09","RETROSPECTIVE","2022-09-22",TRUE,,"Heidelberg"
"DRKS00028468","REGISTERED","2022-03-02","RETROSPECTIVE","2022-03-02",TRUE,,"Dresden"
"DRKS00015193","UPDATED","2018-08-03","RETROSPECTIVE","2023-07-25",TRUE,"","Leipzig"
"DRKS00015185","UPDATED","2018-08-01","PROSPECTIVE","2023-11-16",TRUE,"www.bewegung-verbindet.de","Halle-Wittenberg"
"DRKS00015181","UPDATED","2018-07-31","RETROSPECTIVE","2022-01-28",TRUE,,"Giessen"
"DRKS00015180","UPDATED","2019-01-30","RETROSPECTIVE","2021-09-03",FALSE,,"Charite"
"DRKS00017705","UPDATED","2019-09-03","RETROSPECTIVE","2023-07-05",TRUE,"nicht vorhanden","Leipzig"
"DRKS00017707","UPDATED","2019-08-02","PROSPECTIVE","2022-10-04",TRUE,"/","Köln"
"DRKS00017704","UPDATED","2019-08-30","PROSPECTIVE","2021-12-06",TRUE,"nicht vorhanden","Leipzig"
"DRKS00017703","REGISTERED","2019-12-11","RETROSPECTIVE","2019-12-11",TRUE,,"München_LMU"
"DRKS00017735","UPDATED","2019-08-07","PROSPECTIVE","2024-01-19",TRUE,"","Regensburg"
"DRKS00017724","UPDATED","2019-08-01","RETROSPECTIVE","2023-06-23",TRUE,"","Tübingen"
"DRKS00004431","UPDATED","2012-11-07","RETROSPECTIVE","2023-01-24",TRUE,"","Freiburg"
"DRKS00015118","UPDATED","2018-08-27","RETROSPECTIVE","2023-01-13",TRUE,"https://tnm-lab.com/projects/projects-gplus/","Marburg"
"DRKS00029768","UPDATED","2022-08-23","RETROSPECTIVE","2023-01-09",TRUE,"","München_LMU"
"DRKS00029763","REGISTERED","2023-02-16","RETROSPECTIVE","2023-02-16",TRUE,"-","Giessen"
"DRKS00015108","UPDATED","2019-01-22","RETROSPECTIVE","2022-02-03",TRUE,"https://www.mhh.de/allgmed/opal","Hannover"
"DRKS00017763","UPDATED","2019-07-30","RETROSPECTIVE","2020-05-18",TRUE,,"Bonn"
"DRKS00015120","UPDATED","2018-08-08","RETROSPECTIVE","2024-06-27",TRUE,"https://www.bkk-dachverband.de/gesundheit/gesundheitsfoerderung-selbsthilfe/betriebliche-gesundheitsfoerderung-bgf/bgm-innovativ/","Köln"
"DRKS00027271","REGISTERED","2021-12-29","RETROSPECTIVE","2021-12-29",TRUE,"https://www.mhh.de/forschungsverbund-familiengesundheit/projekte","Hannover"
"DRKS00015296","UPDATED","2018-08-20","PROSPECTIVE","2021-04-09",TRUE,,"Freiburg"
"DRKS00017812","UPDATED","2019-08-27","RETROSPECTIVE","2023-07-10",TRUE,"","Giessen"
"DRKS00017834","UPDATED","2019-10-23","RETROSPECTIVE","2022-11-25",TRUE,,"Heidelberg"
"DRKS00016501","REGISTERED","2019-01-30","RETROSPECTIVE","2019-01-30",TRUE,,"Greifswald"
"DRKS00017825","UPDATED","2019-09-17","PROSPECTIVE","2021-03-18",TRUE,,"Freiburg"
"DRKS00004519","UPDATED","2012-11-21","PROSPECTIVE","2023-02-08",TRUE,"","Leipzig"
"DRKS00016527","UPDATED","2019-01-11","PROSPECTIVE","2024-03-21",TRUE,"","Münster"
"DRKS00017844","UPDATED","2019-08-14","PROSPECTIVE","2024-06-24",FALSE,"","Freiburg"
"DRKS00016510","REGISTERED","2021-11-16","RETROSPECTIVE","2021-11-16",TRUE,"Keine","Freiburg"
"DRKS00016549","UPDATED","2019-02-15","PROSPECTIVE","2023-06-14",TRUE,"","Schleswig-Holstein"
"DRKS00015211","UPDATED","2018-08-15","RETROSPECTIVE","2020-02-19",TRUE,,"Ulm"
"DRKS00030809","REGISTERED","2023-02-06","RETROSPECTIVE","2023-02-06",TRUE,"","Schleswig-Holstein"
"DRKS00030817","REGISTERED","2022-12-12","RETROSPECTIVE","2022-12-12",FALSE,"","Charite"
"DRKS00015239","UPDATED","2018-08-06","RETROSPECTIVE","2022-12-27",TRUE,"/","Leipzig"
"DRKS00015236","UPDATED","2018-08-13","PROSPECTIVE","2019-08-28",TRUE,"https://www.savemyskin.de","Heidelberg"
"DRKS00016558","REGISTERED","2019-01-25","RETROSPECTIVE","2019-01-25",TRUE,"k.A.","Schleswig-Holstein"
"DRKS00015222","UPDATED","2018-08-03","PROSPECTIVE","2019-02-05",FALSE,"https://www.novego.de/programme/depressionen/","Hamburg"
"DRKS00016554","UPDATED","2020-01-07","PROSPECTIVE","2021-01-08",TRUE,,"Charite"
"DRKS00015225","UPDATED","2018-08-14","PROSPECTIVE","2023-12-29",TRUE,"","Würzburg"
"DRKS00028561","UPDATED","2022-03-22","RETROSPECTIVE","2023-02-15",TRUE,"","Charite"
"DRKS00015258","UPDATED","2018-09-11","PROSPECTIVE","2021-04-28",TRUE,"Nein","München_LMU"
"DRKS00015250","UPDATED","2018-08-14","RETROSPECTIVE","2023-01-19",TRUE,"","Leipzig"
"DRKS00017577","UPDATED","2019-10-23","PROSPECTIVE","2023-07-18",TRUE,"","Ulm"
"DRKS00017578","UPDATED","2019-07-11","RETROSPECTIVE","2021-11-12",TRUE,"https://www.soscisurvey.de/yoga19/","Heidelberg"
"DRKS00017571","UPDATED","2019-07-08","PROSPECTIVE","2023-02-28",TRUE,"","Schleswig-Holstein"
"DRKS00004266","UPDATED","2012-07-23","PROSPECTIVE","2023-09-20",TRUE,"","Magdeburg"
"DRKS00017562","UPDATED","2019-07-03","PROSPECTIVE","2023-07-14",TRUE,"","Charite"
"DRKS00017584","UPDATED","2019-09-10","PROSPECTIVE","2020-02-26",TRUE,"https://www.enable-cluster.de/forschung/mangelernaehrung-im-alter/bewaeltigung-von-mangelernaehrung-und-dehydratation","Erlangen"
"DRKS00017580","UPDATED","2019-08-27","RETROSPECTIVE","2022-06-29",TRUE,,"Göttingen"
"DRKS00004299","UPDATED","2012-12-21","PROSPECTIVE","2019-01-07",TRUE,,"Freiburg"
"DRKS00030588","REGISTERED","2022-11-09","RETROSPECTIVE","2022-11-09",TRUE,,"Aachen"
"DRKS00006806","UPDATED","2014-10-07","PROSPECTIVE","2021-08-30",TRUE,,"Hamburg"
"DRKS00006801","UPDATED","2014-10-13","PROSPECTIVE","2024-03-20",TRUE,"","Münster"
"DRKS00018822","UPDATED","2020-01-07","PROSPECTIVE","2024-01-08",TRUE,"","Köln"
"DRKS00018843","REGISTERED","2020-03-13","RETROSPECTIVE","2020-03-13",TRUE,,"Tübingen"
"DRKS00017511","UPDATED","2019-06-27","PROSPECTIVE","2024-09-20",TRUE,"","Freiburg"
"DRKS00018838","UPDATED","2019-10-02","PROSPECTIVE","2024-03-20",TRUE,"","Köln"
"DRKS00018837","UPDATED","2020-01-07","PROSPECTIVE","2021-04-09",TRUE,,"Köln"
"DRKS00017501","UPDATED","2019-09-20","PROSPECTIVE","2024-03-25",TRUE,"https://holobalance.eu/","Freiburg"
"DRKS00017528","UPDATED","2019-11-06","RETROSPECTIVE","2023-01-26",TRUE,"","Köln"
"DRKS00017524","UPDATED","2019-07-05","PROSPECTIVE","2023-01-25",TRUE,"","Regensburg"
"DRKS00006870","UPDATED","2015-02-17","PROSPECTIVE","2022-08-22",TRUE,,"Heidelberg"
"DRKS00017543","UPDATED","2019-06-25","PROSPECTIVE","2023-02-06",TRUE,"","Mainz"
"DRKS00015036","UPDATED","2021-12-08","RETROSPECTIVE","2023-05-26",TRUE,"","Köln"
"DRKS00030677","REGISTERED","2023-09-21","RETROSPECTIVE","2023-09-21",TRUE,"","Mainz"
"DRKS00016364","UPDATED","2019-01-31","RETROSPECTIVE","2022-03-03",TRUE,,"Marburg"
"DRKS00030669","REGISTERED","2023-10-04","RETROSPECTIVE","2023-10-04",TRUE,"","München_TU"
"DRKS00031998","REGISTERED","2023-06-02","RETROSPECTIVE","2023-06-02",TRUE,"","München_LMU"
"DRKS00016356","UPDATED","2019-11-05","PROSPECTIVE","2022-06-21",TRUE,,"Freiburg"
"DRKS00016358","UPDATED","2019-02-22","PROSPECTIVE","2022-07-12",TRUE,,"Ulm"
"DRKS00027039","UPDATED","2021-11-22","RETROSPECTIVE","2024-03-15",TRUE,"","Mannheim"
"DRKS00015057","UPDATED","2018-08-10","PROSPECTIVE","2021-04-27",TRUE,,"Ulm"
"DRKS00015055","UPDATED","2019-02-06","PROSPECTIVE","2022-03-01",TRUE,"https://www.cofrail.com/","Düsseldorf"
"DRKS00015051","UPDATED","2018-07-10","RETROSPECTIVE","2023-01-26",TRUE,"","München_TU"
"DRKS00003078","UPDATED","2011-11-23","PROSPECTIVE","2022-06-27",TRUE,,"Charite"
"DRKS00015048","UPDATED","2018-12-17","RETROSPECTIVE","2022-11-16",TRUE,"www.riseup-schmerznetz.org","München_TU"
"DRKS00015044","REGISTERED","2023-12-05","RETROSPECTIVE","2023-12-05",TRUE,"","Mainz"
"DRKS00027061","UPDATED","2021-11-19","RETROSPECTIVE","2023-03-08",FALSE,,"Magdeburg"
"DRKS00015071","UPDATED","2018-08-06","PROSPECTIVE","2022-04-13",TRUE,"https://psychenet.de/de/ueber-uns/projekte.html","Hamburg"
"DRKS00015065","UPDATED","2018-07-11","PROSPECTIVE","2022-03-10",TRUE,,"München_LMU"
"DRKS00027093","UPDATED","2021-12-03","RETROSPECTIVE","2025-01-10",TRUE,"","München_TU"
"DRKS00005616","UPDATED","2014-01-22","PROSPECTIVE","2022-03-29",TRUE,,"Homburg"
"DRKS00018939","UPDATED","2019-11-11","PROSPECTIVE","2022-10-10",TRUE,,"Ulm"
"DRKS00018937","UPDATED","2019-11-11","RETROSPECTIVE","2024-01-05",TRUE,"","Ulm"
"DRKS00018932","UPDATED","2019-10-31","RETROSPECTIVE","2025-01-14",TRUE,"https://www.nct-heidelberg.de/fuer-aerzte/studien/praeventiv/dario.html","Heidelberg"
"DRKS00017636","REGISTERED","2019-09-13","RETROSPECTIVE","2019-09-13",TRUE,,"Münster"
"DRKS00017632","UPDATED","2019-07-09","RETROSPECTIVE","2023-03-27",TRUE,"","Freiburg"
"DRKS00030625","UPDATED","2022-11-07","RETROSPECTIVE","2023-06-21",TRUE,"http://www.femnat-cd.eu/project/","Heidelberg"
"DRKS00017646","UPDATED","2019-08-02","RETROSPECTIVE","2019-09-20",TRUE,"keine eigene Vorhanden","München_LMU"
"DRKS00017648","REGISTERED","2021-03-03","RETROSPECTIVE","2021-03-03",TRUE,,"Tübingen"
"DRKS00017642","UPDATED","2019-07-23","PROSPECTIVE","2025-01-08",TRUE,"","Erlangen"
"DRKS00029653","REGISTERED","2022-08-03","RETROSPECTIVE","2022-08-03",TRUE,,"Homburg"
"DRKS00005680","UPDATED","2014-02-04","RETROSPECTIVE","2019-07-29",FALSE,,"Ulm"
"DRKS00016332","UPDATED","2019-01-16","PROSPECTIVE","2019-05-07",TRUE,,"Aachen"
"DRKS00017663","UPDATED","2019-07-30","RETROSPECTIVE","2020-02-07",TRUE,,"Göttingen"
"DRKS00031943","REGISTERED","2023-08-16","RETROSPECTIVE","2023-08-16",TRUE,"","Bochum"
"DRKS00013800","UPDATED","2018-01-26","RETROSPECTIVE","2020-12-17",TRUE,,"Bochum"
"DRKS00012501","UPDATED","2019-02-01","RETROSPECTIVE","2023-02-07",TRUE,"","Hamburg"
"DRKS00012504","UPDATED","2018-01-19","RETROSPECTIVE","2024-01-18",TRUE,"https://www.uke.de/kliniken-institute/zentren/universit%C3%A4res-cancer-center-hamburg-(ucch)/leben-nach-krebs-programm/junge-erwachsene-care-for-caya/index.html","Hamburg"
"DRKS00012523","UPDATED","2018-01-31","RETROSPECTIVE","2023-08-01",TRUE,"","Tübingen"
"DRKS00025848","REGISTERED","2021-07-26","RETROSPECTIVE","2021-07-26",TRUE,,"Mannheim"
"DRKS00012519","UPDATED","2017-06-08","RETROSPECTIVE","2022-09-20",TRUE,,"Ulm"
"DRKS00012517","UPDATED","2017-08-23","PROSPECTIVE","2020-06-04",TRUE,"http://www.kompetenznetz-kokon.de/krebsselbsthilfe","Freiburg"
"DRKS00000527","UPDATED","2010-09-14","PROSPECTIVE","2021-05-18",TRUE,,"Köln"
"DRKS00025858","UPDATED","2021-10-25","RETROSPECTIVE","2022-11-02",TRUE,,"Heidelberg"
"DRKS00012507","UPDATED","2017-06-01","PROSPECTIVE","2020-01-14",TRUE,,"Köln"
"DRKS00012540","UPDATED","2017-06-08","PROSPECTIVE","2023-09-25",TRUE,"","Regensburg"
"DRKS00011209","UPDATED","2016-11-11","PROSPECTIVE","2020-02-19",TRUE,"http://coca-project.eu/","Frankfurt"
"DRKS00012534","UPDATED","2017-06-27","PROSPECTIVE","2020-10-19",TRUE,,"München_LMU"
"DRKS00012533","UPDATED","2017-06-08","PROSPECTIVE","2023-09-25",TRUE,"","Regensburg"
"DRKS00012531","UPDATED","2017-06-16","RETROSPECTIVE","2023-01-20",TRUE,"","Hamburg"
"DRKS00011112","UPDATED","2016-09-29","PROSPECTIVE","2018-11-16",TRUE,"https://www.klinikum.uni-heidelberg.de/Vagusnerv-Stimulation.141505.0.html?&L=0","Heidelberg"
"DRKS00011116","UPDATED","2017-08-31","RETROSPECTIVE","2021-09-24",TRUE,"www.neuroscience-aachen.de","Aachen"
"DRKS00013771","UPDATED","2018-01-11","PROSPECTIVE","2021-01-28",TRUE,,"München_LMU"
"DRKS00024433","REGISTERED","2021-02-05","RETROSPECTIVE","2021-02-05",TRUE,,"Erlangen"
"DRKS00011103","UPDATED","2016-10-25","RETROSPECTIVE","2021-04-29",TRUE,,"Magdeburg"
"DRKS00023115","UPDATED","2020-10-05","RETROSPECTIVE","2022-04-11",TRUE,"https://neurocure.de/klinisches-zentrum/forschung-am-ncrc/aktuelle-studien/bistip-studie.html","Charite"
"DRKS00023111","UPDATED","2020-10-05","RETROSPECTIVE","2022-04-20",TRUE,,"München_LMU"
"DRKS00013799","UPDATED","2020-01-27","RETROSPECTIVE","2021-11-11",TRUE,,"Heidelberg"
"DRKS00013798","UPDATED","2018-01-18","PROSPECTIVE","2024-01-15",TRUE,"","Magdeburg"
"DRKS00013791","UPDATED","2018-03-14","RETROSPECTIVE","2024-07-09",TRUE,"","Köln"
"DRKS00012463","UPDATED","2017-05-24","PROSPECTIVE","2021-11-30",FALSE,,"Regensburg"
"DRKS00000482","UPDATED","2010-07-09","PROSPECTIVE","2022-07-22",TRUE,"www.delores-trial.eu","Mannheim"
"DRKS00011123","UPDATED","2016-09-30","PROSPECTIVE","2021-02-19",TRUE,,"Köln"
"DRKS00012459","UPDATED","2018-01-31","PROSPECTIVE","2021-07-13",TRUE,"/","Köln"
"DRKS00011121","UPDATED","2016-09-27","PROSPECTIVE","2020-11-09",TRUE,,"Heidelberg"
"DRKS00024427","UPDATED","2021-02-12","PROSPECTIVE","2023-01-16",TRUE,"","Düsseldorf"
"DRKS00024421","UPDATED","2021-02-19","RETROSPECTIVE","2022-07-29",TRUE,,"Heidelberg"
"DRKS00011159","UPDATED","2016-10-10","PROSPECTIVE","2021-07-02",TRUE,,"Jena"
"DRKS00011152","UPDATED","2018-07-02","RETROSPECTIVE","2022-02-17",TRUE,,"Köln"
"DRKS00012470","UPDATED","2017-06-12","RETROSPECTIVE","2025-01-24",TRUE,"","Tübingen"
"DRKS00012473","UPDATED","2017-06-08","PROSPECTIVE","2020-07-31",TRUE,,"Ulm"
"DRKS00023157","UPDATED","2020-12-09","PROSPECTIVE","2024-11-12",TRUE,"","Bonn"
"DRKS00011170","UPDATED","2017-01-10","PROSPECTIVE","2023-02-07",TRUE,"","Leipzig"
"DRKS00024454","UPDATED","2021-02-08","RETROSPECTIVE","2022-08-16",TRUE,,"Regensburg"
"DRKS00012493","UPDATED","2017-07-17","RETROSPECTIVE","2023-09-18",TRUE,"","Charite"
"DRKS00012492","UPDATED","2019-06-18","RETROSPECTIVE","2023-02-21",TRUE,"","Hannover"
"DRKS00023198","REGISTERED","2020-10-15","RETROSPECTIVE","2020-10-15",TRUE,,"Frankfurt"
"DRKS00013906","UPDATED","2018-08-08","RETROSPECTIVE","2019-06-04",TRUE,,"Münster"
"DRKS00013904","UPDATED","2018-02-02","RETROSPECTIVE","2023-01-16",TRUE,"","Freiburg"
"DRKS00013907","UPDATED","2018-08-06","RETROSPECTIVE","2019-06-04",TRUE,,"Münster"
"DRKS00013900","UPDATED","2018-11-05","RETROSPECTIVE","2025-01-15",TRUE,"","Mainz;Regensburg"
"DRKS00025915","UPDATED","2021-11-12","RETROSPECTIVE","2023-12-12",TRUE,"https://peko-gegen-gewalt.de/","Köln"
"DRKS00013925","UPDATED","2018-01-29","RETROSPECTIVE","2023-06-23",TRUE,"","Tübingen"
"DRKS00013924","UPDATED","2018-06-29","PROSPECTIVE","2023-06-22",TRUE,"https://www.kinderformularium.de/sign_in/kidsafe","Erlangen"
"DRKS00013923","UPDATED","2018-02-19","PROSPECTIVE","2019-12-04",TRUE,,"Witten/Herdecke"
"DRKS00025936","REGISTERED","2021-08-03","RETROSPECTIVE","2021-08-03",TRUE,,"Düsseldorf"
"DRKS00013917","UPDATED","2018-01-24","PROSPECTIVE","2025-03-04",TRUE,"https://www.medizin.uni-tuebingen.de/de/das-klinikum","Tübingen"
"DRKS00013918","UPDATED","2018-04-11","RETROSPECTIVE","2020-08-11",TRUE,,"Charite"
"DRKS00011313","UPDATED","2017-04-26","RETROSPECTIVE","2023-02-24",TRUE,"","Tübingen"
"DRKS00013978","UPDATED","2018-02-09","RETROSPECTIVE","2018-11-02",TRUE,,"Bochum"
"DRKS00011301","UPDATED","2017-04-24","PROSPECTIVE","2020-05-05",TRUE,"https://web.uk-halle.de/index.php?id=7322","Halle-Wittenberg"
"DRKS00023309","UPDATED","2020-10-13","RETROSPECTIVE","2024-10-01",TRUE,"","München_TU"
"DRKS00023308","UPDATED","2020-10-19","RETROSPECTIVE","2023-01-05",TRUE,"","Schleswig-Holstein"
"DRKS00000648","UPDATED","2011-10-17","RETROSPECTIVE","2021-07-08",TRUE,"http://sawhi.com","Witten/Herdecke"
"DRKS00012628","UPDATED","2019-11-05","RETROSPECTIVE","2020-11-19",TRUE,,"Ulm"
"DRKS00024640","UPDATED","2021-06-28","RETROSPECTIVE","2023-03-01",TRUE,"","Freiburg"
"DRKS00012667","UPDATED","2017-07-24","RETROSPECTIVE","2021-05-03",TRUE,,"Köln"
"DRKS00025937","UPDATED","2021-07-23","RETROSPECTIVE","2024-01-03",FALSE,"","Charite"
"DRKS00011321","UPDATED","2017-06-30","PROSPECTIVE","2024-01-08",TRUE,"","Freiburg"
"DRKS00009007","UPDATED","2016-06-01","RETROSPECTIVE","2025-04-22",TRUE,"","Hamburg"
"DRKS00012659","UPDATED","2018-04-20","PROSPECTIVE","2021-11-19",TRUE,,"Magdeburg"
"DRKS00013982","UPDATED","2018-02-05","PROSPECTIVE","2020-02-03",TRUE,,"Köln"
"DRKS00011230","UPDATED","2016-11-29","PROSPECTIVE","2021-03-01",TRUE,,"Hamburg"
"DRKS00013891","UPDATED","2018-01-22","PROSPECTIVE","2024-02-13",TRUE,"","Tübingen"
"DRKS00025887","REGISTERED","2021-08-18","RETROSPECTIVE","2021-08-18",TRUE,,"Tübingen"
"DRKS00013885","UPDATED","2018-01-24","RETROSPECTIVE","2023-05-02",TRUE,"","Hannover"
"DRKS00012551","UPDATED","2017-07-12","RETROSPECTIVE","2023-01-25",TRUE,"https://www.uct-frankfurt.de/fuer-aerzte/klinische-studien/studienregister.html#c3916","Frankfurt"
"DRKS00023232","UPDATED","2020-11-03","PROSPECTIVE","2022-12-06",TRUE,"","Dresden"
"DRKS00000591","UPDATED","2010-10-26","PROSPECTIVE","2024-12-06",TRUE,"","Marburg"
"DRKS00023269","UPDATED","2020-10-09","PROSPECTIVE","2025-01-02",TRUE,"","Tübingen"
"DRKS00023271","UPDATED","2020-11-30","RETROSPECTIVE","2023-10-17",TRUE,"","Heidelberg"
"DRKS00011282","UPDATED","2016-11-15","PROSPECTIVE","2024-10-21",TRUE,"","Leipzig"
"DRKS00023286","UPDATED","2020-10-09","PROSPECTIVE","2023-08-21",TRUE,"","Köln"
"DRKS00014924","UPDATED","2018-07-12","PROSPECTIVE","2019-03-18",TRUE,,"Freiburg"
"DRKS00014925","UPDATED","2018-07-12","PROSPECTIVE","2019-03-26",TRUE,,"Freiburg"
"DRKS00014915","UPDATED","2018-06-15","PROSPECTIVE","2019-11-20",TRUE,,"Frankfurt"
"DRKS00014914","UPDATED","2018-09-25","PROSPECTIVE","2022-03-07",TRUE,,"Rostock"
"DRKS00014907","UPDATED","2018-08-02","PROSPECTIVE","2021-02-08",TRUE,,"Charite"
"DRKS00026928","REGISTERED","2022-01-24","RETROSPECTIVE","2022-01-24",TRUE,"n.a.","Aachen"
"DRKS00014930","UPDATED","2018-06-29","RETROSPECTIVE","2023-06-22",TRUE,"","Charite"
"DRKS00025612","UPDATED","2021-06-28","RETROSPECTIVE","2024-11-25",TRUE,"","Frankfurt"
"DRKS00025613","REGISTERED","2021-06-29","RETROSPECTIVE","2021-06-29",TRUE,"n.a.","Frankfurt"
"DRKS00012302","UPDATED","2017-06-14","PROSPECTIVE","2018-12-03",TRUE,"https://www.grk1957.uni-luebeck.de/research/2nd-generation-projects/a-systems-level-approach-to-modulation-of-adipocyte-brain-crosstalk-by-transcutaneous-vagus-nerve-stimulation.html","Schleswig-Holstein"
"DRKS00012307","UPDATED","2017-05-15","PROSPECTIVE","2020-01-27",TRUE,,"Mannheim"
"DRKS00012306","UPDATED","2017-05-03","RETROSPECTIVE","2020-08-11",TRUE,"https://anopi.de/resilienz-in-der-anaesthesie","Mannheim"
"DRKS00014952","UPDATED","2018-06-20","PROSPECTIVE","2024-06-21",TRUE,"","Schleswig-Holstein"
"DRKS00014953","UPDATED","2018-06-27","PROSPECTIVE","2022-10-10",TRUE,"http://leodortrial.com/","Würzburg"
"DRKS00014949","UPDATED","2018-06-25","PROSPECTIVE","2020-09-29",TRUE,"Keine Vorhanden","Erlangen"
"DRKS00013535","UPDATED","2018-05-14","RETROSPECTIVE","2024-04-02",TRUE,"http://www.imbi.uni-freiburg.de/SEVERA/Projekte/aktuell/meta","Freiburg"
"DRKS00013534","UPDATED","2017-12-15","RETROSPECTIVE","2018-09-13",FALSE,"http://www.uksh.de/Ernaehrungsmedizin_Luebeck/Wissenschaft/Klinische+Studien/Brot_Studie-p-44.html","Schleswig-Holstein"
"DRKS00013532","UPDATED","2017-12-06","PROSPECTIVE","2020-10-20",TRUE,"http://www.psychosomatik-tuebingen.de/de/forschung/weitere/seegen.php","Tübingen"
"DRKS00013539","UPDATED","2018-02-22","PROSPECTIVE","2023-01-20",TRUE,"","Hamburg"
"DRKS00013520","UPDATED","2018-01-15","RETROSPECTIVE","2023-06-21",TRUE,"","Würzburg"
"DRKS00013557","UPDATED","2017-12-20","PROSPECTIVE","2020-08-05",TRUE,"https://www.uk-essen.de/clinical_neurosciences_bingel/web/wp-content/uploads/2017/11/Flyer_OLP_KOBEF_V2_jkb.pdf","Duisburg-Essen"
"DRKS00013544","UPDATED","2018-01-18","PROSPECTIVE","2021-11-15",TRUE,"https://www.uni-ulm.de/med/bmbf-projekt-seegen-seelische-gesundheit-am-arbeitsplatz-krankenhaus/","Ulm"
"DRKS00014870","UPDATED","2018-06-11","RETROSPECTIVE","2018-09-10",TRUE,,"München_TU"
"DRKS00013540","UPDATED","2017-12-01","PROSPECTIVE","2018-07-25",TRUE,,"Schleswig-Holstein"
"DRKS00012249","UPDATED","2017-05-08","RETROSPECTIVE","2023-01-20",TRUE,"https://www.frontiersin.org/articles/10.3389/fphys.2019.01136/full","München_LMU"
"DRKS00013573","UPDATED","2018-03-09","RETROSPECTIVE","2020-01-07",TRUE,"keine","Heidelberg"
"DRKS00013572","UPDATED","2020-01-04","RETROSPECTIVE","2023-01-26",TRUE,"https://www.bsdlab.uni-freiburg.de/projects/cogreha-bci-neurotechnology-for-novel-rehabilitation-approaches-in-stroke-induced-cognitive-defects","Freiburg"
"DRKS00013597","UPDATED","2018-04-16","RETROSPECTIVE","2023-02-03",TRUE,"","Bochum"
"DRKS00025540","UPDATED","2022-03-28","RETROSPECTIVE","2024-10-16",TRUE,"","Freiburg"
"DRKS00025541","UPDATED","2021-06-30","PROSPECTIVE","2021-11-19",TRUE,,"Hamburg"
"DRKS00013588","UPDATED","2018-01-25","PROSPECTIVE","2023-02-07",TRUE,"www.hiopp3.de","Hannover"
"DRKS00013586","UPDATED","2017-12-22","RETROSPECTIVE","2023-01-04",TRUE,"","Bonn"
"DRKS00025551","UPDATED","2021-07-12","PROSPECTIVE","2023-08-07",TRUE,"","Heidelberg"
"DRKS00012295","UPDATED","2018-08-01","PROSPECTIVE","2019-12-17",FALSE,,"Greifswald"
"DRKS00012294","UPDATED","2017-04-26","RETROSPECTIVE","2023-02-09",TRUE,"","Witten/Herdecke"
"DRKS00012292","UPDATED","2017-06-01","PROSPECTIVE","2022-05-23",TRUE,,"Köln"
"DRKS00013707","UPDATED","2018-03-16","PROSPECTIVE","2019-05-28",TRUE,,"Münster"
"DRKS00013703","UPDATED","2018-12-10","RETROSPECTIVE","2023-01-30",TRUE,"","Hamburg"
"DRKS00013730","UPDATED","2018-01-08","PROSPECTIVE","2022-10-31",TRUE,,"Charite"
"DRKS00013736","UPDATED","2018-05-14","PROSPECTIVE","2024-06-24",TRUE,"","Leipzig"
"DRKS00013735","UPDATED","2018-01-10","PROSPECTIVE","2022-06-03",TRUE,,"München_LMU"
"DRKS00025729","REGISTERED","2021-06-28","RETROSPECTIVE","2021-06-28",TRUE,,"Göttingen"
"DRKS00013755","UPDATED","2018-03-14","PROSPECTIVE","2023-12-29",TRUE,"","Schleswig-Holstein"
"DRKS00012424","UPDATED","2017-07-11","PROSPECTIVE","2018-05-18",TRUE,"https://mhealth.imib.rwth-aachen.de/epilepsy/","Aachen"
"DRKS00013753","UPDATED","2019-04-08","RETROSPECTIVE","2024-11-21",TRUE,"","Hannover"
"DRKS00013756","UPDATED","2018-09-14","RETROSPECTIVE","2023-10-13",TRUE,"","Tübingen"
"DRKS00013742","UPDATED","2018-01-15","PROSPECTIVE","2022-06-27",TRUE,,"Hamburg"
"DRKS00013748","UPDATED","2019-12-23","RETROSPECTIVE","2021-12-09",TRUE,,"Charite"
"DRKS00013740","UPDATED","2018-01-08","PROSPECTIVE","2023-02-03",TRUE,"https://www.uniklinikum-jena.de/cscc/Forschung/Gezielte+Strategien+gegen+Organversagen+%7C+Damage.html","Jena"
"DRKS00012407","UPDATED","2017-05-23","RETROSPECTIVE","2023-02-02",TRUE,"","Leipzig"
"DRKS00014989","UPDATED","2019-10-09","RETROSPECTIVE","2023-07-19",TRUE,"","Münster"
"DRKS00012324","UPDATED","2017-11-16","PROSPECTIVE","2019-11-18",TRUE,,"München_LMU"
"DRKS00012323","UPDATED","2017-04-24","PROSPECTIVE","2021-01-11",TRUE,,"Heidelberg"
"DRKS00012329","UPDATED","2017-05-24","PROSPECTIVE","2023-01-24",TRUE,"","Bochum"
"DRKS00013659","UPDATED","2018-03-15","PROSPECTIVE","2019-06-03",TRUE,,"Münster"
"DRKS00013657","UPDATED","2018-01-11","PROSPECTIVE","2024-07-19",TRUE,"","Ulm"
"DRKS00013649","UPDATED","2017-12-22","PROSPECTIVE","2021-09-23",TRUE,,"Heidelberg"
"DRKS00012316","UPDATED","2017-08-02","RETROSPECTIVE","2023-01-27",FALSE,"","Dresden"
"DRKS00011018","UPDATED","2016-10-12","PROSPECTIVE","2019-08-23",TRUE,,"Köln"
"DRKS00012336","UPDATED","2017-04-24","PROSPECTIVE","2018-04-03",TRUE,,"Freiburg"
"DRKS00011036","UPDATED","2017-01-16","PROSPECTIVE","2024-07-03",TRUE,"","Leipzig"
"DRKS00012360","UPDATED","2017-04-21","PROSPECTIVE","2023-02-03",TRUE,"","Heidelberg"
"DRKS00024350","UPDATED","2021-02-15","RETROSPECTIVE","2025-01-07",TRUE,"","München_LMU"
"DRKS00011023","UPDATED","2016-09-02","PROSPECTIVE","2020-10-15",TRUE,,"Jena"
"DRKS00012352","REGISTERED","2023-03-09","RETROSPECTIVE","2023-03-09",FALSE,"","Giessen"
"DRKS00024362","REGISTERED","2021-02-04","RETROSPECTIVE","2021-02-04",TRUE,"/","Bochum"
"DRKS00025696","REGISTERED","2021-07-06","RETROSPECTIVE","2021-07-06",TRUE,,"Hamburg"
"DRKS00011058","UPDATED","2016-09-29","PROSPECTIVE","2024-01-26",TRUE,"","Rostock"
"DRKS00026998","UPDATED","2022-10-19","RETROSPECTIVE","2024-03-14",TRUE,"","Rostock"
"DRKS00011042","UPDATED","2017-09-15","RETROSPECTIVE","2023-01-18",TRUE,"http://www.allgemeinmedizin.med.uni-goettingen.de/de/content/forschung/510_520.html","Göttingen;Würzburg"
"DRKS00012399","UPDATED","2017-05-08","PROSPECTIVE","2023-01-18",TRUE,"","Schleswig-Holstein"
"DRKS00011087","UPDATED","2016-11-14","RETROSPECTIVE","2023-02-07",TRUE,"","Schleswig-Holstein"
"DRKS00023091","UPDATED","2020-09-24","RETROSPECTIVE","2024-11-25",TRUE,"","Frankfurt"
"DRKS00026700","REGISTERED","2021-09-23","RETROSPECTIVE","2021-09-23",TRUE,,"Tübingen"
"DRKS00014720","UPDATED","2018-05-09","PROSPECTIVE","2023-11-06",FALSE,"","Tübingen"
"DRKS00014627","UPDATED","2018-06-12","PROSPECTIVE","2023-10-27",TRUE,"","Dresden;Marburg"
"DRKS00013315","UPDATED","2018-01-25","PROSPECTIVE","2021-11-09",TRUE,"http://ifb-adipositas.de/die-selbstregulation-erhoehen-kinder-als-teilnehmer-fuer-neurofeedback-training-gesucht","Leipzig"
"DRKS00014645","UPDATED","2018-05-07","PROSPECTIVE","2019-03-20",TRUE,"polycare-project.com","Bonn"
"DRKS00027919","UPDATED","2022-01-27","RETROSPECTIVE","2025-01-06",TRUE,"","Rostock"
"DRKS00013311","UPDATED","2017-11-23","RETROSPECTIVE","2022-05-02",TRUE,,"Tübingen"
"DRKS00014632","UPDATED","2018-08-02","PROSPECTIVE","2020-01-27",TRUE,,"Bonn"
"DRKS00013308","UPDATED","2017-12-05","PROSPECTIVE","2022-07-15",TRUE,,"München_LMU"
"DRKS00026605","REGISTERED","2021-09-09","RETROSPECTIVE","2021-09-09",FALSE,,"Münster"
"DRKS00015996","UPDATED","2019-02-26","PROSPECTIVE","2023-06-22",TRUE,"","Köln"
"DRKS00014667","UPDATED","2018-05-24","RETROSPECTIVE","2021-05-05",TRUE,,"Freiburg"
"DRKS00014664","UPDATED","2018-09-27","RETROSPECTIVE","2024-06-27",TRUE,"","Hannover;Schleswig-Holstein"
"DRKS00025329","REGISTERED","2021-05-18","RETROSPECTIVE","2021-05-18",TRUE,"https://www.uke.de/kliniken-institute/kliniken/neurologie/forschung/bewegungsstörungen-beths.html","Hamburg"
"DRKS00013326","UPDATED","2017-11-17","PROSPECTIVE","2022-06-23",TRUE,,"Magdeburg"
"DRKS00013324","UPDATED","2017-11-28","RETROSPECTIVE","2024-04-03",FALSE,"","Marburg"
"DRKS00013323","UPDATED","2018-01-16","RETROSPECTIVE","2018-06-14",TRUE,,"Heidelberg"
"DRKS00014653","UPDATED","2018-07-04","PROSPECTIVE","2021-12-29",TRUE,,"Ulm"
"DRKS00013356","UPDATED","2017-12-01","PROSPECTIVE","2024-01-02",TRUE,"","München_LMU"
"DRKS00014687","UPDATED","2018-10-22","PROSPECTIVE","2023-06-23",TRUE,"","Freiburg"
"DRKS00027967","UPDATED","2022-02-14","RETROSPECTIVE","2023-07-25",TRUE,"","Mainz"
"DRKS00025305","REGISTERED","2021-05-26","RETROSPECTIVE","2021-05-26",TRUE,"n.a.","Schleswig-Holstein"
"DRKS00026634","UPDATED","2021-09-20","RETROSPECTIVE","2022-04-04",TRUE,,"Homburg"
"DRKS00027960","UPDATED","2022-02-14","RETROSPECTIVE","2023-02-02",TRUE,"","Rostock"
"DRKS00014676","UPDATED","2018-04-26","PROSPECTIVE","2021-03-22",TRUE,,"Aachen"
"DRKS00014678","UPDATED","2018-04-30","PROSPECTIVE","2023-08-23",FALSE,"","Heidelberg"
"DRKS00014694","UPDATED","2018-05-25","RETROSPECTIVE","2023-07-04",TRUE,"","München_LMU"
"DRKS00014690","UPDATED","2018-06-12","PROSPECTIVE","2025-02-24",TRUE,"","Heidelberg"
"DRKS00024012","UPDATED","2021-01-11","RETROSPECTIVE","2025-04-01",TRUE,"","Düsseldorf"
"DRKS00024028","UPDATED","2021-02-11","RETROSPECTIVE","2021-09-09",TRUE,,"Rostock"
"DRKS00024075","UPDATED","2021-02-26","PROSPECTIVE","2022-09-06",TRUE,,"Duisburg-Essen"
"DRKS00014802","UPDATED","2018-05-24","RETROSPECTIVE","2020-01-07",TRUE,,"München_LMU"
"DRKS00014826","UPDATED","2018-05-30","PROSPECTIVE","2020-10-27",FALSE,,"Erlangen"
"DRKS00014816","UPDATED","2018-06-07","PROSPECTIVE","2022-06-15",TRUE,,"Marburg"
"DRKS00014818","UPDATED","2018-10-30","PROSPECTIVE","2023-03-27",TRUE,"","Freiburg"
"DRKS00014840","UPDATED","2019-01-25","PROSPECTIVE","2020-08-07",TRUE,,"Freiburg"
"DRKS00013508","UPDATED","2017-11-30","RETROSPECTIVE","2022-06-21",FALSE,"/","Homburg"
"DRKS00014839","UPDATED","2018-11-08","PROSPECTIVE","2020-12-29",TRUE,,"Witten/Herdecke"
"DRKS00014744","UPDATED","2018-05-17","PROSPECTIVE","2025-03-25",TRUE,"","Bochum"
"DRKS00026733","REGISTERED","2021-10-04","RETROSPECTIVE","2021-10-04",TRUE,,"Dresden"
"DRKS00026730","REGISTERED","2021-10-19","RETROSPECTIVE","2021-10-19",TRUE,,"Aachen"
"DRKS00014732","UPDATED","2018-08-15","PROSPECTIVE","2022-01-04",TRUE,"https://www.kgu.de/kliniken-institute-zentren/einrichtungen-des-klinikums/kliniken/zentrum-fuer-psychische-gesundheit/psychiatrie-psychosomatik-und-psychotherapie-des-kindes-und-jugendalters/forschungsbereiche/labor-fuer-neurophysiologie.html","Frankfurt"
"DRKS00014734","UPDATED","2018-05-22","PROSPECTIVE","2024-06-17",TRUE,"","Heidelberg"
"DRKS00026714","UPDATED","2021-10-13","PROSPECTIVE","2023-06-09",TRUE,"","Erlangen"
"DRKS00014752","UPDATED","2018-05-09","PROSPECTIVE","2024-07-01",TRUE,"","Leipzig"
"DRKS00013455","UPDATED","2017-11-21","PROSPECTIVE","2019-01-10",TRUE,,"München_TU"
"DRKS00024117","UPDATED","2021-02-09","RETROSPECTIVE","2024-11-25",TRUE,"","Frankfurt"
"DRKS00025440","UPDATED","2021-11-03","RETROSPECTIVE","2025-02-11",FALSE,"","Aachen"
"DRKS00025454","UPDATED","2021-06-01","PROSPECTIVE","2023-07-17",TRUE,"","Göttingen"
"DRKS00000163","UPDATED","2009-07-15","PROSPECTIVE","2019-09-18",TRUE,"keine","Freiburg"
"DRKS00013469","UPDATED","2017-12-22","PROSPECTIVE","2023-01-10",TRUE,"","Heidelberg"
"DRKS00014798","UPDATED","2018-06-19","PROSPECTIVE","2023-03-06",TRUE,"","Heidelberg"
"DRKS00012132","UPDATED","2017-04-25","PROSPECTIVE","2020-11-06",TRUE,,"Freiburg"
"DRKS00014792","UPDATED","2018-06-07","RETROSPECTIVE","2022-04-26",TRUE,,"Würzburg"
"DRKS00013493","UPDATED","2017-11-27","PROSPECTIVE","2022-10-31",TRUE,,"Heidelberg"
"DRKS00025487","REGISTERED","2021-06-09","RETROSPECTIVE","2021-06-09",TRUE,,"Regensburg"
"DRKS00013482","UPDATED","2018-03-09","PROSPECTIVE","2019-12-05",TRUE,,"Heidelberg"
"DRKS00013486","UPDATED","2017-12-05","PROSPECTIVE","2024-02-27",TRUE,"","Tübingen"
"DRKS00024135","UPDATED","2021-01-25","PROSPECTIVE","2022-05-10",TRUE,,"Freiburg"
"DRKS00024193","UPDATED","2021-06-25","PROSPECTIVE","2023-01-23",TRUE,"","Charite"
"DRKS00024186","REGISTERED","2021-03-15","RETROSPECTIVE","2021-03-15",TRUE,,"Göttingen"
"DRKS00025199","REGISTERED","2021-04-30","RETROSPECTIVE","2021-04-30",TRUE,,"Aachen"
"DRKS00015813","UPDATED","2018-11-15","RETROSPECTIVE","2025-02-28",TRUE,"","Bonn"
"DRKS00015814","UPDATED","2018-11-09","PROSPECTIVE","2023-07-10",TRUE,"","Freiburg"
"DRKS00015812","UPDATED","2019-02-22","PROSPECTIVE","2021-11-08",TRUE,"https://www.provide-project.de/","Heidelberg"
"DRKS00015807","UPDATED","2018-10-29","PROSPECTIVE","2023-01-16",TRUE,"","Marburg"
"DRKS00003730","UPDATED","2012-08-23","PROSPECTIVE","2023-02-09",TRUE,"","Schleswig-Holstein"
"DRKS00015759","UPDATED","2018-11-06","PROSPECTIVE","2020-10-19",TRUE,"http://www.medizin.uni-tuebingen.de/sportmedizin/?id=for_fp_oag5","Tübingen"
"DRKS00015749","UPDATED","2018-12-04","PROSPECTIVE","2021-12-08",TRUE,,"Heidelberg"
"DRKS00015773","UPDATED","2018-10-23","PROSPECTIVE","2023-03-24",TRUE,"","Duisburg-Essen"
"DRKS00015763","UPDATED","2018-11-09","PROSPECTIVE","2022-07-28",TRUE,,"Schleswig-Holstein"
"DRKS00015797","UPDATED","2018-10-25","PROSPECTIVE","2023-08-16",TRUE,"","Bochum"
"DRKS00013135","UPDATED","2017-12-04","PROSPECTIVE","2019-01-09",TRUE,,"Heidelberg"
"DRKS00015788","UPDATED","2018-10-26","RETROSPECTIVE","2021-01-11",TRUE,,"Heidelberg"
"DRKS00025103","UPDATED","2021-07-26","RETROSPECTIVE","2024-07-11",TRUE,"","Heidelberg;Tübingen"
"DRKS00013145","UPDATED","2017-10-18","RETROSPECTIVE","2020-04-07",TRUE,,"Mainz"
"DRKS00025114","UPDATED","2021-04-23","PROSPECTIVE","2021-12-22",TRUE,,"Ulm"
"DRKS00013175","UPDATED","2017-10-16","PROSPECTIVE","2021-11-29",TRUE,"http://www.imvr.de/index.php?page=VaMB","Köln"
"DRKS00013170","UPDATED","2017-12-11","PROSPECTIVE","2024-02-16",TRUE,"","Heidelberg"
"DRKS00013169","UPDATED","2017-10-24","PROSPECTIVE","2023-02-07",TRUE,"","Rostock"
"DRKS00013198","UPDATED","2017-11-14","PROSPECTIVE","2024-03-07",TRUE,"","Schleswig-Holstein"
"DRKS00013188","UPDATED","2017-11-30","PROSPECTIVE","2024-06-06",TRUE,"","Bochum"
"DRKS00014602","UPDATED","2018-05-17","RETROSPECTIVE","2019-09-09",FALSE,,"Köln"
"DRKS00015819","UPDATED","2018-10-29","PROSPECTIVE","2020-02-04",TRUE,,"Dresden"
"DRKS00015845","UPDATED","2018-11-13","RETROSPECTIVE","2023-02-02",TRUE,"","Heidelberg"
"DRKS00013212","UPDATED","2017-12-18","RETROSPECTIVE","2019-05-24",TRUE,,"Charite"
"DRKS00013207","UPDATED","2018-10-23","RETROSPECTIVE","2023-06-21",TRUE,"","Greifswald"
"DRKS00013237","UPDATED","2017-10-27","PROSPECTIVE","2023-11-13",TRUE,"","Heidelberg"
"DRKS00014564","UPDATED","2018-04-25","PROSPECTIVE","2020-01-27",TRUE,,"Schleswig-Holstein"
"DRKS00013231","UPDATED","2018-09-07","RETROSPECTIVE","2021-03-09",TRUE,,"Hamburg"
"DRKS00013226","UPDATED","2017-11-30","PROSPECTIVE","2023-12-18",TRUE,"","München_LMU;Tübingen"
"DRKS00015882","UPDATED","2018-12-17","PROSPECTIVE","2023-02-15",TRUE,"","Hamburg"
"DRKS00014584","UPDATED","2018-04-26","PROSPECTIVE","2021-02-12",TRUE,"http://parkinson-companion.de/","Aachen"
"DRKS00014582","UPDATED","2020-02-12","PROSPECTIVE","2023-11-09",TRUE,"","Schleswig-Holstein"
"DRKS00013242","UPDATED","2017-10-26","PROSPECTIVE","2021-02-25",TRUE,,"München_LMU"
"DRKS00025258","REGISTERED","2021-06-10","RETROSPECTIVE","2021-06-10",TRUE,,"Freiburg"
"DRKS00025257","UPDATED","2021-05-17","RETROSPECTIVE","2022-07-26",TRUE,,"Heidelberg"
"DRKS00013271","UPDATED","2017-11-03","PROSPECTIVE","2021-04-19",TRUE,"http://www.apotheke.uk-erlangen.de/leistungsspektrum/forschungsprojekte/","Erlangen"
"DRKS00013262","UPDATED","2018-01-15","RETROSPECTIVE","2023-06-12",TRUE,"","Würzburg"
"DRKS00014598","UPDATED","2018-05-03","RETROSPECTIVE","2023-01-20",TRUE,"","Leipzig"
"DRKS00013260","UPDATED","2017-12-29","PROSPECTIVE","2022-06-09",TRUE,,"München_LMU"
"DRKS00014594","UPDATED","2018-06-14","PROSPECTIVE","2021-03-23",TRUE,,"Aachen"
"DRKS00025281","UPDATED","2021-05-26","RETROSPECTIVE","2023-01-03",TRUE,"","Aachen"
"DRKS00013281","UPDATED","2017-12-27","PROSPECTIVE","2021-07-13",TRUE,,"Köln"
